index,name,family,bank,technical,residual,peak,rms,crest075_db,safety_hit_pct_102,dc,w0_30_db,w30_80_db,w80_180_db,w180_400_db,w400_750_db,low80_180_db,low180_400_rel_db,low400_750_rel_db,near_peak90_075_pct,tail_rms_db,tail_mean,decay_drop_db,safety_hit_pct_91,delta_safety,stage103_added_trim,predicted_safety_linear
0,Clean Weight,ROUND,CORE,1,1,0.921825,0.108176,9.19865,0.0,2.07037e-08,-5.98078,-4.27217,-7.11465,-10.3643,-15.1393,-14.4455,-0.34665,-4.74483,0.769444,-83.4083,6.8667e-07,37.4842,0.0,0.0,1.0,0.0
1,Club Anchor,ROUND,CORE,1,1,0.922571,0.114788,8.71879,0.0145833,-2.72945e-08,-5.68457,-4.0834,-6.9374,-9.55887,-14.1325,-13.755,0.0398302,-4.27625,1.46944,-82.7108,8.64104e-09,37.6234,0.0145833,0.0,1.0,0.0145833
2,Deep Concrete,ROUND,CORE,1,1,0.922571,0.109602,9.09439,0.00416667,-2.01268e-08,-5.88835,-4.22917,-7.03749,-10.1974,-14.9413,-14.4579,-0.141947,-4.56565,0.861111,-84.1148,4.25977e-07,38.1039,0.00416667,0.0,1.0,0.00416667
3,Round Hammer,ROUND,CORE,1,1,0.917297,0.102654,9.55936,0.0,-3.87831e-10,-6.57554,-4.57336,-7.10997,-11.0014,-15.9569,-15.1304,-0.776082,-5.71222,0.527778,-94.3866,-7.46818e-08,43.7204,0.0,0.0,1.0,0.0
4,Dark Pulse,ROUND,CORE,1,1,0.922571,0.115155,8.74735,0.0145833,-9.03932e-09,-5.85028,-4.17761,-6.77731,-9.70935,-14.0593,-14.3867,0.122796,-4.03164,1.03333,-79.5042,-1.46709e-07,36.2449,0.0145833,0.0,1.0,0.0145833
5,Tight Basement,ROUND,CORE,1,1,0.922571,0.110174,9.0703,0.00208333,-1.37277e-08,-6.3428,-4.26112,-6.85045,-10.1637,-14.823,-15.2433,-0.142045,-4.76489,0.855556,-89.8807,-3.15287e-07,42.1606,0.00208333,0.0,1.0,0.00208333
6,Sub Foundation,ROUND,CORE,1,1,0.922571,0.106522,9.22682,0.01875,-4.22403e-08,-5.92192,-4.22624,-6.85177,-10.4441,-15.8028,-15.0176,-0.317057,-5.47705,1.075,-107.532,-1.48588e-08,51.2121,0.01875,0.0,1.0,0.01875
7,Warm Reactor,ROUND,CORE,1,1,0.922571,0.110081,9.01594,0.0208333,-5.27301e-08,-5.84036,-4.19276,-6.81882,-10.1604,-14.9462,-14.6975,-0.12447,-4.81721,1.09167,-94.5132,-1.80323e-08,44.2513,0.0208333,0.0,1.0,0.0208333
8,Black Drum,ROUND,CORE,1,1,0.922571,0.117899,8.67685,0.00625,4.59815e-09,-6.1884,-4.38393,-6.50156,-9.66751,-13.6783,-15.3194,0.306946,-3.5238,0.941667,-73.7281,-5.75095e-07,33.7309,0.00625,0.0,1.0,0.00625
9,Sub Vault,ROUND,CORE,1,1,0.922571,0.114735,8.71964,0.03125,-7.3019e-08,-5.96942,-4.17217,-6.62328,-9.60564,-14.2513,-14.9818,0.24501,-4.10938,1.16111,-89.2681,1.81723e-07,41.904,0.03125,0.0,1.0,0.03125
10,Clean Weight / TIGHT,ROUND,TIGHT,1,1,0.913242,0.0943934,10.1066,0.0,-6.30984e-09,-6.49215,-4.71538,-7.47277,-11.934,-18.0882,-15.013,-1.52457,-7.52816,0.408333,-120.775,-4.25655e-09,56.9235,0.0,0.0,1.0,0.0
11,Club Anchor / TIGHT,ROUND,TIGHT,1,1,0.921176,0.101,9.60419,0.0,-5.99518e-10,-5.86183,-4.34894,-7.18345,-11.0462,-16.8976,-14.3227,-0.913547,-6.77794,0.747222,-120.194,-5.96321e-09,57.159,0.0,0.0,1.0,0.0
12,Deep Concrete / TIGHT,ROUND,TIGHT,1,1,0.918109,0.095757,10.0278,0.0,2.90475e-09,-6.37489,-4.6447,-7.39086,-11.7179,-17.8855,-14.9345,-1.44207,-7.44005,0.472222,-121.993,-1.0653e-11,57.7556,0.0,0.0,1.0,0.0
13,Round Hammer / TIGHT,ROUND,TIGHT,1,1,0.883653,0.0870678,10.4928,0.0,-8.83231e-10,-7.2694,-5.18397,-7.74968,-13.0521,-19.625,-15.7907,-2.49105,-9.07355,0.363889,-137.748,-5.72362e-10,65.9706,0.0,0.0,1.0,0.0
14,Dark Pulse / TIGHT,ROUND,TIGHT,1,1,0.92047,0.100588,9.65455,0.0,-2.56076e-09,-6.26468,-4.43591,-7.05837,-11.1419,-16.9211,-14.9351,-0.868113,-6.60446,0.588889,-115.531,-5.47254e-09,54.8646,0.0,0.0,1.0,0.0
15,Tight Basement / TIGHT,ROUND,TIGHT,1,1,0.91539,0.0942275,10.1362,0.0,-2.99984e-09,-6.91293,-4.82126,-7.24107,-11.9301,-18.1647,-15.7235,-1.77276,-8.01497,0.463889,-132.015,-1.44686e-09,63.7599,0.0,0.0,1.0,0.0
16,Sub Foundation / TIGHT,ROUND,TIGHT,1,1,0.921556,0.0946362,10.1279,0.0,-5.08809e-10,-6.43727,-4.44635,-7.29457,-12.0334,-18.7643,-15.4388,-1.82343,-8.50855,0.619444,-145.266,8.26069e-10,70.8347,0.0,0.0,1.0,0.0
17,Warm Reactor / TIGHT,ROUND,TIGHT,1,1,0.92225,0.0959778,10.0232,0.0,-6.0891e-09,-6.32958,-4.41859,-7.26605,-11.7935,-18.3943,-15.3455,-1.41323,-7.95003,0.655556,-138.43,8.26153e-11,67.0437,0.0,0.0,1.0,0.0
18,Black Drum / TIGHT,ROUND,TIGHT,1,1,0.916332,0.101523,9.59392,0.0,3.09237e-09,-6.55088,-4.88728,-6.83997,-11.0372,-16.2739,-15.6876,-0.969233,-6.08905,0.580556,-105.949,-2.08011e-08,50.2245,0.0,0.0,1.0,0.0
19,Sub Vault / TIGHT,ROUND,TIGHT,1,1,0.920628,0.0995018,9.71335,0.0,-3.79746e-09,-6.27355,-4.58723,-6.8646,-11.2298,-17.4602,-15.3335,-1.21492,-7.29643,0.688889,-131.127,4.39252e-09,63.6402,0.0,0.0,1.0,0.0
20,Clean Weight / HEAVY,ROUND,HEAVY,1,1,0.922571,0.112545,8.93298,0.0791667,-7.92916e-07,-5.81201,-4.08331,-7.04412,-9.98939,-14.502,-14.2119,0.0244583,-4.09891,1.07222,-76.1899,-1.25293e-07,33.7424,0.00833333,0.07083337,0.7,0.057916689
21,Club Anchor / HEAVY,ROUND,HEAVY,1,1,0.922571,0.117358,8.59701,0.00625,1.27381e-08,-5.74872,-3.96772,-6.97605,-9.38857,-13.7525,-13.6971,0.346007,-3.72265,1.61944,-75.4547,-5.94535e-07,33.7517,0.0270833,-0.0208333,0.7,0.012499990000000002
22,Deep Concrete / HEAVY,ROUND,HEAVY,1,1,0.922571,0.114231,8.81317,0.0958333,-1.10585e-06,-5.70792,-4.05256,-6.95435,-9.82433,-14.2683,-14.1903,0.21325,-3.86805,1.21111,-75.8596,8.41589e-09,33.6647,0.0166667,0.0791666,0.7,0.07208332
23,Round Hammer / HEAVY,ROUND,HEAVY,1,1,0.922571,0.11074,9.06819,0.0458333,-6.84214e-07,-6.21219,-4.29827,-6.86775,-10.2336,-14.6729,-14.813,-0.139719,-4.40759,0.841667,-80.999,-2.83825e-07,36.8242,0.00625,0.0395833,0.7,0.03395831
24,Dark Pulse / HEAVY,ROUND,HEAVY,1,1,0.922571,0.118916,8.52079,0.0708333,-1.01171e-06,-5.68862,-4.06979,-6.76321,-9.30143,-13.6378,-14.2529,0.544899,-3.43907,1.26944,-74.6758,-4.71311e-07,33.7432,0.0375,0.0333333,0.7,0.06083331
25,Tight Basement / HEAVY,ROUND,HEAVY,1,1,0.922571,0.118318,8.5983,0.0583333,-7.73927e-07,-6.03877,-4.03763,-6.71482,-9.5641,-13.5881,-14.9228,0.358894,-3.58903,1.19444,-77.1681,-1.20792e-07,35.7075,0.0354167,0.022916599999999995,0.7,0.05145832
26,Sub Foundation / HEAVY,ROUND,HEAVY,0,1,0.922571,0.112138,8.86359,0.104167,-1.27385e-06,-5.6874,-4.06443,-6.91847,-9.75497,-14.7923,-14.5688,0.192719,-4.45266,1.35556,-93.0062,-9.56531e-08,43.577,0.0375,0.066667,0.7,0.08416689999999999
27,Warm Reactor / HEAVY,ROUND,HEAVY,0,1,0.922571,0.116004,8.65385,0.10625,-1.45759e-06,-5.61334,-4.05557,-6.83951,-9.46263,-14.1244,-14.4401,0.42982,-3.60087,1.40833,-81.9015,-2.22457e-07,37.6042,0.0479167,0.0583333,0.7,0.08875000999999999
28,Black Drum / HEAVY,ROUND,HEAVY,1,1,0.922571,0.121715,8.42018,0.0770833,-6.95374e-07,-6.02193,-4.14468,-6.39852,-9.37582,-13.1941,-15.0961,0.597932,-3.15993,1.325,-73.182,2.04406e-06,33.7366,0.04375,0.033333299999999996,0.7,0.06708331
29,Sub Vault / HEAVY,ROUND,HEAVY,1,1,0.922571,0.122141,8.33283,0.0708333,-6.59153e-07,-5.80018,-3.97897,-6.50671,-9.10211,-13.2895,-14.8348,0.842129,-2.93222,1.44722,-76.6017,-1.01264e-06,35.51,0.0604167,0.010416600000000005,0.7,0.06770832
30,Clean Weight / SUSTAIN,ROUND,SUSTAIN,1,1,0.922571,0.108034,9.29657,0.0125,-2.54233e-08,-6.23804,-4.40981,-7.177,-10.5171,-14.9772,-14.7016,-0.323573,-4.65736,0.588889,-76.2754,-6.77269e-07,33.797,0.0,0.0125,1.0,0.0125
31,Club Anchor / SUSTAIN,ROUND,SUSTAIN,1,1,0.922571,0.114977,8.7864,0.0145833,-4.04751e-08,-5.85621,-4.15248,-6.91752,-9.73956,-14.0695,-13.9998,0.07709,-4.12007,1.15,-75.3604,-4.56551e-07,33.7451,0.00833333,0.0062499700000000005,1.0,0.0145833
32,Deep Concrete / SUSTAIN,ROUND,SUSTAIN,1,1,0.922571,0.11008,9.15122,0.025,-7.67727e-08,-6.13793,-4.36792,-7.09609,-10.2571,-14.7316,-14.6601,-0.176117,-4.47659,0.763889,-75.8283,5.49822e-07,33.7831,0.00208333,0.02291667,1.0,0.025
33,Round Hammer / SUSTAIN,ROUND,SUSTAIN,1,1,0.910851,0.105625,9.45148,0.0,4.49593e-08,-6.96495,-4.7326,-7.20559,-10.9286,-15.0444,-15.262,-0.84958,-5.0569,0.441667,-75.5067,-1.3275e-07,33.7986,0.0,0.0,1.0,0.0
34,Dark Pulse / SUSTAIN,ROUND,SUSTAIN,1,1,0.922571,0.114596,8.8571,0.0291667,-2.97658e-07,-6.08929,-4.22646,-6.8011,-9.90446,-14.17,-14.732,0.123423,-3.88831,0.847222,-74.7258,-1.88491e-06,33.6404,0.00625,0.022916699999999998,1.0,0.029166699999999997
35,Tight Basement / SUSTAIN,ROUND,SUSTAIN,1,1,0.922571,0.113485,9.01269,0.025,-6.74659e-08,-6.67076,-4.43157,-6.91785,-10.0806,-14.0669,-15.4073,-0.202675,-4.25937,0.705556,-73.9176,-6.94247e-07,33.6894,0.0,0.025,1.0,0.025
36,Sub Foundation / SUSTAIN,ROUND,SUSTAIN,1,1,0.922571,0.11228,8.99095,0.0458333,-2.28132e-07,-6.14463,-4.30511,-6.86898,-10.0793,-14.4639,-15.0846,-0.0789654,-4.40952,0.997222,-80.6089,5.81855e-07,37.0696,0.0125,0.033333299999999996,1.0,0.045833299999999993
37,Warm Reactor / SUSTAIN,ROUND,SUSTAIN,1,1,0.922571,0.114891,8.86038,0.04375,-3.69284e-07,-6.06968,-4.24474,-6.8243,-9.94613,-14.0709,-14.9736,0.11971,-3.87723,1.04722,-74.3215,-1.28715e-06,33.7646,0.01875,0.024999999999999998,1.0,0.04375
38,Black Drum / SUSTAIN,ROUND,SUSTAIN,1,1,0.922571,0.115068,8.90066,0.0166667,-1.72643e-07,-6.47847,-4.54855,-6.63877,-9.95019,-13.9814,-15.5266,-0.0130228,-4.02565,0.669444,-73.798,-2.27757e-06,33.7234,0.0,0.0166667,1.0,0.0166667
39,Sub Vault / SUSTAIN,ROUND,SUSTAIN,1,1,0.922571,0.118246,8.65092,0.0270833,-7.71176e-08,-6.19445,-4.28662,-6.59158,-9.61527,-13.5959,-15.0634,0.18207,-3.64548,1.06111,-73.6831,2.83422e-06,33.7584,0.01875,0.008333300000000002,1.0,0.0270833
40,Clean Weight / MUTANT,ROUND,MUTANT,1,1,0.918176,0.102588,9.57702,0.0,6.46127e-11,-6.26568,-4.48175,-7.34505,-11.0352,-15.8839,-14.5391,-0.929466,-5.68207,0.580556,-89.9059,3.99127e-07,40.7194,0.0,0.0,1.0,0.0
41,Club Anchor / MUTANT,ROUND,MUTANT,1,1,0.922571,0.107865,9.1959,0.00416667,-1.59094e-08,-5.94358,-4.29018,-7.21467,-10.1842,-15.2331,-13.9253,-0.532032,-5.14932,0.861111,-89.5615,2.15488e-07,40.8938,0.0,0.00416667,1.0,0.00416667
42,Deep Concrete / MUTANT,ROUND,MUTANT,1,1,0.922571,0.104058,9.49585,0.00625,-1.95027e-08,-6.17011,-4.42965,-7.2452,-10.7968,-15.7807,-14.5783,-0.728324,-5.44562,0.594444,-90.6873,-1.70937e-07,41.4539,0.0,0.00625,1.0,0.00625
43,Round Hammer / MUTANT,ROUND,MUTANT,1,1,0.908545,0.0970151,9.91916,0.0,-6.43974e-09,-6.89639,-4.90819,-7.30187,-11.6855,-16.8334,-15.2659,-1.36224,-6.68638,0.413889,-101.763,2.62207e-08,47.3499,0.0,0.0,1.0,0.0
44,Dark Pulse / MUTANT,ROUND,MUTANT,1,1,0.922571,0.109185,9.1383,0.0104167,-1.30163e-08,-6.1021,-4.39535,-6.99825,-10.2375,-14.8256,-14.5169,-0.37542,-4.88283,0.658333,-86.0497,-1.99e-07,39.4918,0.00208333,0.00833337,1.0,0.0104167
45,Tight Basement / MUTANT,ROUND,MUTANT,1,1,0.918733,0.103107,9.54561,0.0,9.53296e-09,-6.7592,-4.55266,-7.127,-10.9124,-15.7911,-15.3858,-0.972265,-5.79045,0.538889,-97.2728,-5.97636e-08,45.7592,0.0,0.0,1.0,0.0
46,Sub Foundation / MUTANT,ROUND,MUTANT,1,1,0.922571,0.101125,9.64022,0.01875,-6.15151e-08,-6.2381,-4.4285,-7.04932,-11.1044,-16.7526,-15.2096,-0.972157,-6.4577,0.758333,-116.108,-4.34434e-09,55.6841,0.00416667,0.014583329999999999,1.0,0.01875
47,Warm Reactor / MUTANT,ROUND,MUTANT,1,1,0.922571,0.104517,9.41939,0.0291667,-9.55738e-08,-6.14584,-4.39194,-7.07701,-10.706,-15.8073,-14.8689,-0.7415,-5.79153,0.813889,-102.02,5.34763e-10,48.0806,0.00833333,0.02083337,1.0,0.0291667
48,Black Drum / MUTANT,ROUND,MUTANT,1,1,0.91827,0.110921,9.0905,0.0,2.53144e-08,-6.58023,-4.69329,-6.68289,-10.3111,-14.4822,-15.3829,-0.413293,-4.51902,0.65,-78.7061,-4.03457e-07,36.072,0.0,0.0,1.0,0.0
49,Sub Vault / MUTANT,ROUND,MUTANT,1,1,0.922571,0.107691,9.19845,0.00208333,1.24045e-09,-6.29478,-4.37288,-6.83797,-10.3396,-15.2665,-15.1647,-0.291927,-5.20469,0.75,-96.6749,-3.66086e-08,45.4883,0.00416667,-0.00208334,1.0,0.00208333
50,Clean Attack,PUNCH,CORE,1,1,0.922571,0.0671,13.0652,0.0416667,-1.36419e-07,-6.03495,-5.21697,-11.0483,-22.9777,-39.7962,-19.59,-10.5338,-28.3108,0.580556,-300.0,-1.51821e-23,100.304,0.0416667,0.0,1.0,0.0416667
51,Pressure Point,PUNCH,CORE,1,1,0.922571,0.0660963,13.1962,0.0270833,-5.68706e-08,-5.86198,-5.64474,-11.0428,-22.5224,-36.6998,-19.8777,-9.445,-24.6478,0.536111,-300.0,1.74525e-20,127.508,0.0270833,0.0,1.0,0.0270833
52,Warehouse Knock,PUNCH,CORE,1,1,0.922571,0.0688104,12.8468,0.0604167,-2.39602e-07,-5.77145,-5.01422,-10.9781,-22.0745,-35.8036,-18.7176,-9.01328,-23.95,1.09167,-300.0,8.6364e-20,132.277,0.0604167,0.0,1.0,0.0604167
53,Fast Driver,PUNCH,CORE,1,1,0.922571,0.0705613,12.6284,0.0645833,-2.5784e-07,-5.83243,-5.01029,-10.2322,-21.1729,-36.0744,-18.8189,-9.40657,-25.1153,1.08056,-300.0,-8.27927e-22,120.181,0.0645833,0.0,1.0,0.0645833
54,Techno Nail,PUNCH,CORE,1,1,0.922571,0.0696772,12.738,0.0333333,-8.47095e-08,-5.85,-5.40387,-10.0583,-20.8637,-35.2328,-19.2662,-8.69815,-23.4979,0.658333,-300.0,4.1450499999999994e-20,128.964,0.0333333,0.0,1.0,0.0333333
55,Needle Punch,PUNCH,CORE,1,1,0.922571,0.0703546,12.6549,0.025,-4.73419e-08,-5.98576,-5.43605,-9.97537,-19.5273,-31.1566,-19.0169,-8.06879,-20.4835,0.563889,-293.072,7.587830000000001e-18,149.72,0.025,0.0,1.0,0.025
56,Front Row,PUNCH,CORE,1,1,0.922571,0.0659606,13.215,0.00625,-9.29345e-09,-6.00517,-5.78915,-11.1807,-20.6104,-32.3023,-19.5845,-8.12094,-20.5176,0.458333,-287.95,-2.05745e-17,145.722,0.00625,0.0,1.0,0.00625
57,Steel Toe,PUNCH,CORE,1,1,0.922571,0.071403,12.5263,0.06875,-3.08472e-07,-5.70103,-5.05684,-10.1958,-19.9489,-32.0716,-18.2991,-8.29003,-21.1419,1.08611,-290.69,3.13044e-17,147.68,0.06875,0.0,1.0,0.06875
58,Impact Driver,PUNCH,CORE,1,1,0.922571,0.0667188,13.1148,0.00416667,-8.86484e-09,-6.13553,-5.75282,-10.45,-21.7582,-36.606,-20.2857,-9.40496,-25.2557,0.505556,-300.0,3.01977e-22,115.047,0.00416667,0.0,1.0,0.00416667
59,Concrete Punch,PUNCH,CORE,1,1,0.922571,0.0724758,12.3965,0.0645833,-2.69562e-07,-5.62586,-5.13809,-9.7393,-19.6793,-31.5468,-18.3468,-8.08691,-21.0179,1.16389,-300.0,-3.4195e-18,151.036,0.0645833,0.0,1.0,0.0645833
60,Clean Attack / TIGHT,PUNCH,TIGHT,1,1,0.922571,0.0619577,13.7577,0.0125,-1.82138e-08,-6.01349,-5.90279,-12.2382,-26.1471,-46.2911,-21.2435,-12.3626,-33.2543,0.486111,-300.0,-2.51742e-28,55.5031,0.0166667,-0.004166699999999999,1.0,0.0125
61,Pressure Point / TIGHT,PUNCH,TIGHT,1,1,0.92166,0.0595663,14.091,0.0,-1.53788e-09,-6.06698,-6.25613,-12.9406,-26.5676,-45.1484,-22.0234,-11.5935,-31.4598,0.402778,-300.0,-4.3858399999999995e-27,70.9126,0.0,0.0,1.0,0.0
62,Warehouse Knock / TIGHT,PUNCH,TIGHT,1,1,0.922571,0.06385,13.4964,0.0395833,-1.52403e-07,-5.86769,-5.38602,-12.4256,-25.884,-43.9394,-20.3631,-11.4331,-30.6893,0.838889,-300.0,-7.91383e-26,78.1904,0.0375,0.002083300000000003,1.0,0.0395833
63,Fast Driver / TIGHT,PUNCH,TIGHT,1,1,0.922571,0.064134,13.4579,0.0270833,-6.43689e-08,-5.83762,-5.67023,-11.6672,-25.6725,-44.9408,-20.6861,-12.1835,-32.7001,0.525,-300.0,2.22731e-27,62.2424,0.0354167,-0.008333400000000001,1.0,0.0270833
64,Techno Nail / TIGHT,PUNCH,TIGHT,1,1,0.919881,0.0631087,13.5725,0.0,1.40438e-09,-6.04246,-5.91627,-11.6028,-25.0875,-43.144,-21.0946,-11.3025,-30.2128,0.466667,-300.0,-1.9018400000000002e-26,73.8749,0.0,0.0,1.0,0.0
65,Needle Punch / TIGHT,PUNCH,TIGHT,1,1,0.918953,0.0633303,13.5333,0.0,1.53399e-09,-6.18513,-5.92638,-11.6134,-22.8982,-38.1601,-20.839,-10.2706,-26.1099,0.408333,-300.0,-2.39734e-22,109.661,0.0,0.0,1.0,0.0
66,Front Row / TIGHT,PUNCH,TIGHT,1,1,0.903861,0.0593492,13.9534,0.0,2.79359e-09,-6.22053,-6.44958,-12.7982,-24.0063,-38.9956,-21.4924,-9.95322,-25.8027,0.369444,-300.0,1.07983e-21,112.745,0.0,0.0,1.0,0.0
67,Steel Toe / TIGHT,PUNCH,TIGHT,1,1,0.922571,0.0657745,13.2385,0.0416667,-1.73497e-07,-5.76164,-5.54359,-11.4016,-23.083,-38.6225,-19.8352,-10.2489,-26.8681,0.738889,-300.0,-3.39684e-22,111.352,0.0458333,-0.0041665999999999995,1.0,0.0416667
68,Impact Driver / TIGHT,PUNCH,TIGHT,1,1,0.905932,0.0591521,14.0021,0.0,3.8046e-09,-6.38166,-6.44954,-12.429,-26.0945,-45.4729,-22.5056,-11.9084,-31.8463,0.402778,-300.0,-1.7632e-28,55.8974,0.0,0.0,1.0,0.0
69,Concrete Punch / TIGHT,PUNCH,TIGHT,1,1,0.922571,0.0662384,13.1775,0.0375,-1.09032e-07,-5.74371,-5.52947,-11.1665,-23.2664,-39.3744,-20.0585,-10.0873,-26.9541,0.675,-300.0,-3.69351e-23,102.61,0.0354167,0.0020832999999999963,1.0,0.0375
70,Clean Attack / HEAVY,PUNCH,HEAVY,0,1,0.922571,0.0705156,12.6341,0.116667,-1.33708e-06,-5.98817,-4.89227,-10.3284,-21.196,-35.4896,-18.5666,-9.3449,-24.5536,0.930556,-300.0,-4.66104e-21,128.563,0.0625,0.05416700000000001,0.3,0.0787501
71,Pressure Point / HEAVY,PUNCH,HEAVY,1,1,0.922571,0.0699479,12.7048,0.0791667,-5.23608e-07,-5.77073,-5.34703,-10.2185,-20.3661,-33.1193,-18.855,-8.27626,-22.1167,0.752778,-300.0,-3.5341500000000006e-18,151.452,0.0520833,0.027083400000000007,0.3,0.06020832
72,Warehouse Knock / HEAVY,PUNCH,HEAVY,1,1,0.922571,0.0711432,12.5578,0.0958333,-1.07963e-06,-5.80003,-4.86957,-10.4344,-20.4241,-32.5355,-18.1013,-8.03855,-21.5447,1.15278,-293.267,-1.95024e-17,148.709,0.0708333,0.024999999999999994,0.3,0.0783333
73,Fast Driver / HEAVY,PUNCH,HEAVY,1,1,0.922571,0.0737108,12.2496,0.06875,-1.17939e-06,-5.87959,-4.79224,-9.62321,-19.2994,-32.3665,-18.0675,-8.18768,-22.2861,1.25,-300.0,3.08868e-18,146.138,0.0854167,-0.016666699999999993,0.3,0.08041669
74,Techno Nail / HEAVY,PUNCH,HEAVY,1,1,0.922571,0.0731533,12.3159,0.0895833,-1.19859e-06,-5.78496,-5.19732,-9.40436,-19.1315,-31.1629,-18.5015,-7.59647,-20.5533,0.963889,-299.694,8.817070000000001e-18,153.227,0.0541667,0.035416600000000006,0.3,0.06479168
75,Needle Punch / HEAVY,PUNCH,HEAVY,1,1,0.922571,0.073804,12.241,0.0854167,-1.74287e-06,-5.93448,-5.20012,-9.35922,-18.301,-28.3616,-18.3173,-7.21414,-18.552,0.763889,-260.1,-2.76494e-16,131.968,0.0458333,0.0395834,0.3,0.05770832
76,Front Row / HEAVY,PUNCH,HEAVY,1,1,0.922571,0.0694963,12.7627,0.06875,-1.58475e-06,-5.91721,-5.43976,-10.464,-19.4508,-30.1541,-18.7499,-7.5991,-18.9912,0.577778,-261.918,6.38496e-16,132.397,0.03125,0.037500000000000006,0.3,0.0425
77,Steel Toe / HEAVY,PUNCH,HEAVY,1,1,0.922571,0.0738143,12.2389,0.0958333,-2.45363e-06,-5.69904,-4.95851,-9.6604,-18.8202,-29.6231,-17.8158,-7.52557,-19.2228,1.28056,-261.393,1.20872e-15,132.316,0.0833333,0.012499999999999997,0.3,0.0870833
78,Impact Driver / HEAVY,PUNCH,HEAVY,1,1,0.922571,0.0712767,12.5412,0.0729167,-8.12092e-07,-5.94316,-5.38133,-9.60258,-19.8232,-32.6168,-19.1085,-8.28493,-21.8582,0.677778,-300.0,-1.4378100000000001e-19,141.648,0.0541667,0.018750000000000003,0.3,0.059791699999999996
79,Concrete Punch / HEAVY,PUNCH,HEAVY,0,1,0.922571,0.0751905,12.0791,0.127083,-2.02238e-06,-5.64931,-5.01748,-9.30775,-18.0639,-28.7259,-17.8158,-7.13235,-18.4778,1.25833,-260.399,-7.47634e-16,132.432,0.0833333,0.0437497,0.3,0.09645821
80,Clean Attack / SUSTAIN,PUNCH,SUSTAIN,1,1,0.922571,0.0696593,12.7409,0.0333333,-3.92248e-07,-6.20757,-5.32011,-10.2364,-19.6428,-31.8326,-19.0074,-8.24603,-21.5055,0.566667,-300.0,-1.0425900000000001e-19,151.955,0.0333333,0.0,1.0,0.0333333
81,Pressure Point / SUSTAIN,PUNCH,SUSTAIN,1,1,0.922571,0.0681855,12.928,0.01875,-1.52629e-07,-6.07992,-5.69213,-10.5155,-19.546,-30.3207,-19.5291,-7.50012,-19.2015,0.505556,-261.962,-6.13128e-16,132.214,0.0104167,0.0083333,1.0,0.01875
82,Warehouse Knock / SUSTAIN,PUNCH,SUSTAIN,1,1,0.922571,0.07098,12.5791,0.0604167,-6.86885e-07,-5.84982,-5.06111,-10.4408,-19.4611,-30.223,-18.3783,-7.50021,-19.1165,0.980556,-261.862,4.8547e-16,132.273,0.0541667,0.006249999999999999,1.0,0.0604167
83,Fast Driver / SUSTAIN,PUNCH,SUSTAIN,1,1,0.922571,0.0736375,12.2599,0.06875,-7.77402e-07,-5.95803,-5.10726,-9.54639,-18.1287,-29.2345,-18.3162,-7.52599,-19.3043,0.844444,-271.376,-2.06886e-16,138.224,0.0583333,0.010416700000000008,1.0,0.06875
84,Techno Nail / SUSTAIN,PUNCH,SUSTAIN,1,1,0.922571,0.072437,12.4033,0.0291667,-2.21488e-07,-6.02826,-5.46605,-9.4765,-18.2897,-28.6922,-18.7836,-7.10174,-18.0564,0.55,-260.446,-4.06592e-16,132.307,0.01875,0.010416700000000001,1.0,0.0291667
85,Needle Punch / SUSTAIN,PUNCH,SUSTAIN,1,1,0.922571,0.0697211,12.7353,0.03125,-1.65566e-07,-6.25557,-5.67345,-10.034,-18.6844,-28.8252,-19.2097,-7.7193,-18.6729,0.508333,-260.583,-6.66194e-16,132.353,0.0,0.03125,1.0,0.03125
86,Front Row / SUSTAIN,PUNCH,SUSTAIN,1,1,0.922571,0.0645132,13.4089,0.0104167,-1.90938e-08,-6.26887,-6.17641,-11.2711,-20.0075,-30.4333,-20.0196,-7.56288,-19.0324,0.386111,-262.051,-4.1792e-16,132.006,0.0,0.0104167,1.0,0.0104167
87,Steel Toe / SUSTAIN,PUNCH,SUSTAIN,1,1,0.922571,0.0713028,12.5397,0.1,-1.01132e-06,-5.82588,-5.25206,-10.129,-19.0449,-29.8962,-18.5154,-7.65459,-19.337,0.872222,-261.53,1.10999e-15,132.022,0.0520833,0.047916700000000007,1.0,0.1
88,Impact Driver / SUSTAIN,PUNCH,SUSTAIN,1,1,0.922571,0.0692853,12.7887,0.01875,-1.21669e-07,-6.38668,-5.88146,-9.85636,-18.5775,-29.4341,-19.7973,-7.59696,-19.0956,0.5,-280.423,1.27797e-16,143.104,0.0,0.01875,1.0,0.01875
89,Concrete Punch / SUSTAIN,PUNCH,SUSTAIN,1,1,0.922571,0.0731569,12.3173,0.0729167,-5.69113e-07,-5.77069,-5.2282,-9.61503,-18.5239,-28.6686,-18.4378,-7.20139,-18.2652,0.880556,-260.397,1.30411e-15,132.109,0.05,0.022916699999999998,1.0,0.0729167
90,Clean Attack / MUTANT,PUNCH,MUTANT,1,1,0.922571,0.0629548,13.6191,0.0208333,-1.21601e-07,-6.22299,-5.66173,-12.0634,-24.5591,-42.5161,-20.7944,-11.4878,-30.1916,0.486111,-300.0,-3.7079300000000003e-26,83.6984,0.01875,0.0020832999999999997,1.0,0.0208333
91,Pressure Point / MUTANT,PUNCH,MUTANT,1,1,0.922571,0.0619448,13.7596,0.0104167,-4.28591e-08,-6.07016,-6.14388,-12.0277,-23.5189,-38.7434,-21.0523,-10.0461,-26.4002,0.425,-300.0,1.3159e-21,113.209,0.0,0.0104167,1.0,0.0104167
92,Warehouse Knock / MUTANT,PUNCH,MUTANT,1,1,0.922571,0.0658651,13.2266,0.0395833,-1.63809e-07,-5.88568,-5.3086,-11.7314,-22.877,-37.8968,-19.5226,-9.8925,-25.8826,0.883333,-300.0,-2.5458699999999998e-21,118.55,0.0479167,-0.008333399999999998,1.0,0.0395833
93,Fast Driver / MUTANT,PUNCH,MUTANT,1,1,0.922571,0.0669961,13.0787,0.0291667,-1.2756e-07,-5.95675,-5.33389,-11.0402,-22.4665,-38.48,-19.7697,-10.2854,-27.0319,0.597222,-300.0,-4.26181e-23,105.82,0.0479167,-0.01875,1.0,0.0291667
94,Techno Nail / MUTANT,PUNCH,MUTANT,1,1,0.922571,0.0659385,13.2169,0.0166667,-3.85268e-08,-5.99061,-5.7088,-10.9325,-22.2212,-37.2908,-20.2006,-9.5713,-25.2148,0.511111,-300.0,1.2948099999999999e-21,115.251,0.0104167,0.00625,1.0,0.0166667
95,Needle Punch / MUTANT,PUNCH,MUTANT,1,1,0.922571,0.0660908,13.1974,0.0145833,-7.09049e-08,-6.22063,-5.86366,-10.7597,-20.6842,-33.0156,-20.012,-8.75515,-22.0632,0.436111,-300.0,2.31148e-18,144.838,0.00208333,0.012499970000000001,1.0,0.0145833
96,Front Row / MUTANT,PUNCH,MUTANT,1,1,0.91734,0.062383,13.6495,0.0,1.75307e-09,-6.19167,-6.11014,-12.1088,-21.6691,-34.2632,-20.5323,-8.80201,-21.9447,0.375,-300.0,-1.32618e-18,146.692,0.0,0.0,1.0,0.0
97,Steel Toe / MUTANT,PUNCH,MUTANT,1,1,0.922571,0.0680674,12.9414,0.0354167,-1.73902e-07,-5.84727,-5.28769,-10.9877,-21.0967,-33.6732,-19.214,-8.85629,-22.4703,0.847222,-300.0,-1.55832e-18,145.647,0.0541667,-0.018749999999999996,1.0,0.0354167
98,Impact Driver / MUTANT,PUNCH,MUTANT,1,1,0.912889,0.062881,13.5377,0.0,-1.9972e-09,-6.28387,-6.09998,-11.3977,-23.1917,-39.1852,-21.2844,-10.1343,-27.1116,0.469444,-300.0,-1.15642e-23,100.061,0.0,0.0,1.0,0.0
99,Concrete Punch / MUTANT,PUNCH,MUTANT,1,1,0.922571,0.0688961,12.8361,0.0791667,-5.5289e-07,-5.75062,-5.43466,-10.5127,-20.6285,-33.764,-19.2065,-8.76699,-22.9127,0.802778,-300.0,-1.62863e-19,138.844,0.0458333,0.033333400000000006,1.0,0.0791667
100,Hard Clean,HARD,CORE,1,1,0.922072,0.0792647,12.1068,0.0,2.2095e-09,-8.18809,-7.71879,-10.3128,-14.387,-15.9313,-19.6643,-1.53688,-5.77344,0.25,-151.146,-2.27907e-11,80.4771,0.0,0.0,1.0,0.0
101,Peak Control,HARD,CORE,1,1,0.922571,0.0772773,12.1024,0.00208333,-9.49019e-09,-8.18561,-7.76423,-10.7694,-13.5557,-16.2299,-20.1137,-2.25322,-6.4216,0.238889,-178.557,2.06068e-12,94.9508,0.00208333,0.0,1.0,0.00208333
102,Flat Top,HARD,CORE,1,1,0.922571,0.0788763,12.4277,0.00416667,-5.44165e-09,-8.04397,-7.83524,-10.6305,-14.8164,-16.6005,-19.1852,-1.74762,-6.42623,0.438889,-135.427,2.30773e-11,72.4036,0.00416667,0.0,1.0,0.00416667
103,Redline,HARD,CORE,1,1,0.922571,0.0836777,11.5569,0.00833333,-2.06741e-08,-7.97676,-7.69132,-10.1987,-13.3106,-14.8348,-20.2138,-2.04231,-5.95532,0.475,-173.86,1.27744e-12,93.9362,0.00833333,0.0,1.0,0.00833333
104,Block Maker,HARD,CORE,1,1,0.922571,0.0798056,12.2773,0.00416667,-4.74338e-09,-7.88434,-8.16167,-10.8845,-14.4293,-15.8137,-18.8569,-2.5818,-6.93862,0.258333,-136.135,3.8661e-11,72.3043,0.00416667,0.0,1.0,0.00416667
105,Crushed Rail,HARD,CORE,1,1,0.922002,0.0816456,12.2622,0.0,7.55317e-09,-7.87237,-7.75598,-10.3871,-14.7264,-16.3905,-19.1504,-1.6189,-5.77864,0.552778,-138.299,-3.13255e-10,75.3817,0.0,0.0,1.0,0.0
106,Clipped Concrete,HARD,CORE,1,1,0.922571,0.0742831,12.5017,0.00625,-8.36166e-09,-7.8684,-8.00414,-10.9164,-14.6563,-16.7261,-18.7968,-2.50274,-7.60467,0.388889,-178.037,-6.10673e-12,95.1589,0.00625,0.0,1.0,0.00625
107,Hammer Hall,HARD,CORE,1,1,0.922571,0.0790774,12.1638,0.00833333,-2.0383e-08,-8.05773,-7.96757,-10.6534,-14.3119,-15.7297,-19.2721,-2.10983,-6.78829,0.269444,-158.948,1.64174e-11,85.1806,0.00833333,0.0,1.0,0.00833333
108,Main Room Block,HARD,CORE,1,1,0.922315,0.083576,12.0927,0.0,7.71319e-09,-8.1058,-7.65132,-10.3774,-14.5611,-15.7498,-19.5952,-1.55695,-5.56128,0.483333,-133.619,-5.77358e-10,72.3167,0.0,0.0,1.0,0.0
109,Guillotine,HARD,CORE,1,1,0.92227,0.0834805,12.1227,0.0,-4.56204e-09,-7.88512,-8.00235,-10.8653,-14.3492,-15.4181,-19.0927,-2.17983,-6.08236,0.313889,-133.752,1.2615e-10,72.2737,0.0,0.0,1.0,0.0
110,Hard Clean / TIGHT,HARD,TIGHT,1,1,0.922571,0.0728644,12.4585,0.0145833,-3.55246e-08,-8.19949,-7.75941,-10.4648,-14.2191,-17.6499,-19.7766,-2.34658,-8.17346,0.230556,-211.081,-1.87782e-13,111.942,0.00208333,0.012499970000000001,1.0,0.0145833
111,Peak Control / TIGHT,HARD,TIGHT,1,1,0.922571,0.0730172,12.4005,0.01875,-5.03644e-08,-8.22401,-7.81853,-10.8944,-13.3559,-17.9175,-20.5187,-2.6174,-8.50605,0.236111,-231.271,9.52094e-16,123.15,0.00625,0.012499999999999999,1.0,0.01875
112,Flat Top / TIGHT,HARD,TIGHT,1,1,0.922571,0.074955,12.3864,0.0125,-4.51988e-08,-8.0431,-7.85773,-10.6773,-14.5151,-16.6225,-19.2788,-2.2735,-7.60147,0.394444,-178.94,2.95201e-13,95.2283,0.00625,0.00625,1.0,0.0125
113,Redline / TIGHT,HARD,TIGHT,1,1,0.922571,0.0775918,11.9031,0.01875,-7.6148e-08,-7.98612,-7.74402,-10.3155,-13.1007,-16.4433,-20.5265,-2.5514,-7.92913,0.344444,-229.041,-3.06442e-15,122.878,0.0104167,0.0083333,1.0,0.01875
114,Block Maker / TIGHT,HARD,TIGHT,1,1,0.922571,0.074784,12.3608,0.00833333,-3.94279e-08,-7.88694,-8.19607,-11.0198,-14.0596,-16.3743,-19.1958,-3.16949,-8.16049,0.2,-181.259,1.21408e-12,96.2403,0.00833333,0.0,1.0,0.00833333
115,Crushed Rail / TIGHT,HARD,TIGHT,1,1,0.922571,0.0770576,12.1441,0.0125,-3.47267e-08,-7.91625,-7.75057,-10.4167,-14.2586,-16.2055,-19.2565,-2.15118,-6.79766,0.519444,-193.606,-7.99643e-13,104.45,0.00416667,0.00833333,1.0,0.0125
116,Clipped Concrete / TIGHT,HARD,TIGHT,1,1,0.922571,0.0708567,12.6738,0.0145833,-8.45374e-08,-7.88006,-8.02453,-11.0261,-14.2851,-17.9406,-19.0735,-3.14372,-9.62272,0.316667,-230.758,-7.53712e-15,123.212,0.0104167,0.004166600000000001,1.0,0.0145833
117,Hammer Hall / TIGHT,HARD,TIGHT,1,1,0.922571,0.0724634,12.4997,0.025,-1.02621e-07,-8.06878,-8.05237,-10.8213,-14.0821,-17.2988,-19.5831,-2.93948,-9.18744,0.202778,-222.304,-7.7884e-14,118.731,0.0125,0.0125,1.0,0.025
118,Main Room Block / TIGHT,HARD,TIGHT,1,1,0.922571,0.0801928,11.9737,0.0208333,-5.17689e-08,-8.10309,-7.68025,-10.3896,-14.2054,-15.505,-19.6489,-1.97894,-6.30131,0.402778,-168.036,6.76176e-12,90.5035,0.00416667,0.016666629999999998,1.0,0.0208333
119,Guillotine / TIGHT,HARD,TIGHT,1,1,0.922571,0.0796897,12.0045,0.0125,-4.50406e-08,-7.9435,-8.04295,-10.9663,-13.7446,-15.3216,-19.3057,-2.59032,-6.72219,0.216667,-170.318,-2.02317e-11,91.6918,0.00625,0.00625,1.0,0.0125
120,Hard Clean / HEAVY,HARD,HEAVY,1,1,0.922571,0.0811616,12.1564,0.025,-1.18771e-07,-8.20991,-7.65652,-10.3172,-14.512,-16.0627,-19.6872,-1.37889,-5.37003,0.427778,-135.499,-8.81992e-10,72.3614,0.0,0.025,0.85,0.02125
121,Peak Control / HEAVY,HARD,HEAVY,1,1,0.922571,0.0791187,12.3156,0.0375,-2.91994e-07,-8.12904,-7.76391,-10.7028,-14.423,-16.399,-19.7111,-1.90915,-5.7838,0.363889,-136.134,-3.8078e-10,72.3826,0.0,0.0375,0.85,0.031875
122,Flat Top / HEAVY,HARD,HEAVY,1,1,0.922571,0.0784809,12.4671,0.0208333,-8.12218e-08,-8.10106,-7.82653,-10.6087,-14.9875,-16.6278,-19.2951,-1.86402,-6.48398,0.480556,-135.335,-8.92624e-10,72.3209,0.00416667,0.016666629999999998,0.85,0.018333305499999997
123,Redline / HEAVY,HARD,HEAVY,1,1,0.922571,0.0880209,11.7136,0.0270833,-2.34586e-07,-8.10821,-7.55822,-10.1929,-13.902,-14.9921,-19.8308,-1.93849,-5.39598,0.566667,-133.023,-8.6629e-10,72.4813,0.00625,0.0208333,0.85,0.023958305
124,Block Maker / HEAVY,HARD,HEAVY,1,1,0.922571,0.0779059,12.4917,0.0541667,-6.22333e-07,-7.88155,-8.0707,-10.9084,-14.8857,-16.3946,-18.8265,-2.40564,-6.91277,0.338889,-136.089,2.40436e-11,72.361,0.00416667,0.05000003,0.85,0.046666695499999994
125,Crushed Rail / HEAVY,HARD,HEAVY,1,1,0.922571,0.0795934,12.5134,0.04375,-3.48385e-07,-7.8298,-7.89801,-10.5667,-14.9733,-17.0193,-19.0568,-1.51424,-5.99547,0.541667,-133.514,-3.9934e-10,72.3178,0.0,0.04375,0.85,0.0371875
126,Clipped Concrete / HEAVY,HARD,HEAVY,1,1,0.922571,0.0786834,12.5498,0.0395833,2.22044e-08,-7.90769,-7.95664,-10.8442,-14.8926,-16.83,-19.0288,-1.78435,-6.51929,0.452778,-134.68,2.36853e-09,72.5291,0.00208333,0.03749997,0.85,0.0339583045
127,Hammer Hall / HEAVY,HARD,HEAVY,1,1,0.922571,0.0812514,12.2658,0.0270833,-8.13547e-08,-8.10694,-7.92073,-10.6484,-14.6265,-15.9072,-19.2801,-1.87426,-6.40347,0.394444,-134.614,-6.6526e-10,72.2868,0.00416667,0.02291663,0.85,0.023645805500000002
128,Main Room Block / HEAVY,HARD,HEAVY,1,1,0.922571,0.0809259,12.3334,0.0375,-3.18369e-07,-8.10748,-7.72016,-10.5925,-14.7437,-16.3528,-19.563,-1.57439,-5.87597,0.497222,-134.195,1.32983e-09,72.3461,0.0,0.0375,0.85,0.031875
129,Guillotine / HEAVY,HARD,HEAVY,1,1,0.922571,0.080379,12.4273,0.025,-1.32219e-07,-7.86311,-7.97512,-10.8744,-14.6574,-16.4522,-19.1269,-1.97444,-6.08577,0.438889,-133.859,-1.7345e-11,72.2544,0.0,0.025,0.85,0.02125
130,Hard Clean / SUSTAIN,HARD,SUSTAIN,1,1,0.922571,0.0849741,11.73,0.01875,-7.67695e-08,-8.2806,-7.74791,-10.3838,-13.6701,-14.8708,-20.0289,-2.20228,-5.56874,0.252778,-135.705,1.66932e-10,72.274,0.00208333,0.016666669999999998,1.0,0.01875
131,Peak Control / SUSTAIN,HARD,SUSTAIN,1,1,0.922279,0.087789,11.4564,0.0,-2.50303e-09,-8.33211,-7.80322,-10.4884,-12.718,-14.5698,-20.8671,-2.10291,-4.72416,0.25,-135.357,5.16646e-10,72.4563,0.00208333,-0.00208333,1.0,0.0
132,Flat Top / SUSTAIN,HARD,SUSTAIN,1,1,0.922571,0.0817039,12.1163,0.0354167,-2.38886e-07,-8.16496,-7.75919,-10.7367,-14.283,-15.6116,-19.7965,-2.16319,-6.19073,0.441667,-135.341,1.08173e-09,72.3269,0.00416667,0.031250030000000005,1.0,0.0354167
133,Redline / SUSTAIN,HARD,SUSTAIN,1,1,0.922571,0.0964008,10.8803,0.0291667,-3.87954e-07,-8.05843,-7.7364,-10.0926,-12.3974,-13.2512,-20.6533,-2.72028,-4.99,0.45,-132.846,1.37084e-09,72.3502,0.00833333,0.02083337,1.0,0.0291667
134,Block Maker / SUSTAIN,HARD,SUSTAIN,1,1,0.922571,0.0833289,11.8985,0.0333333,-2.77572e-07,-7.97466,-8.06568,-11.0135,-13.6484,-14.9383,-19.6544,-2.83639,-6.24635,0.230556,-135.833,-9.36594e-10,72.3149,0.00625,0.027083300000000005,1.0,0.0333333
135,Crushed Rail / SUSTAIN,HARD,SUSTAIN,1,1,0.922571,0.0857982,11.9251,0.0145833,-6.46471e-08,-7.94785,-7.7953,-10.4213,-13.9824,-15.4451,-19.4576,-2.22316,-5.6021,0.525,-132.974,-8.13408e-10,72.3877,0.00208333,0.012499970000000001,1.0,0.0145833
136,Clipped Concrete / SUSTAIN,HARD,SUSTAIN,1,1,0.922571,0.0823656,12.0655,0.00208333,-7.83275e-09,-8.02217,-8.02829,-11.036,-13.8976,-15.3435,-19.6867,-2.45635,-6.32697,0.338889,-135.302,2.83108e-10,72.2829,0.00625,-0.004166670000000001,1.0,0.0020833299999999996
137,Hammer Hall / SUSTAIN,HARD,SUSTAIN,1,1,0.922571,0.0858961,11.729,0.0270833,-2.71295e-07,-8.261,-7.95661,-10.7985,-13.5523,-14.5207,-20.0554,-2.52536,-6.15165,0.213889,-135.018,1.68708e-09,72.4624,0.0125,0.0145833,1.0,0.0270833
138,Main Room Block / SUSTAIN,HARD,SUSTAIN,1,1,0.922571,0.0875807,11.6937,0.00416667,-8.49196e-09,-8.17705,-7.66808,-10.3933,-13.5869,-14.8962,-20.0902,-2.26039,-5.40993,0.45,-133.575,5.5674e-10,72.4343,0.00208333,0.00208334,1.0,0.00416667
139,Guillotine / SUSTAIN,HARD,SUSTAIN,1,1,0.922571,0.08953,11.468,0.00833333,-3.12503e-09,-8.08206,-8.06416,-10.8244,-12.7109,-14.3027,-19.8991,-2.61517,-5.34631,0.286111,-133.781,2.66064e-09,72.4095,0.00416667,0.00416666,1.0,0.00833333
140,Hard Clean / MUTANT,HARD,MUTANT,1,1,0.922571,0.0735754,12.4153,0.0291667,-1.49471e-07,-8.27611,-7.85081,-10.7394,-14.0036,-17.1444,-19.9252,-2.42867,-8.00073,0.233333,-194.855,-9.33556e-13,103.019,0.00416667,0.02500003,1.0,0.0291667
141,Peak Control / MUTANT,HARD,MUTANT,1,1,0.922571,0.0720848,12.5132,0.0229167,-1.1173e-07,-8.24862,-7.90254,-10.9039,-13.5265,-18.1932,-20.3535,-2.83799,-8.76512,0.236111,-229.271,-1.05807e-14,121.548,0.00416667,0.01875003,1.0,0.0229167
142,Flat Top / MUTANT,HARD,MUTANT,1,1,0.922571,0.0758853,12.3555,0.00625,-1.32457e-08,-8.09639,-7.99218,-10.745,-14.4194,-16.3306,-19.4671,-2.40397,-7.25389,0.325,-165.904,-3.2924e-11,88.2263,0.00416667,0.0020833300000000004,1.0,0.00625
143,Redline / MUTANT,HARD,MUTANT,1,1,0.922571,0.0767677,11.9989,0.03125,-8.96996e-08,-8.11568,-7.70239,-10.42,-13.2461,-16.5906,-20.3208,-2.79292,-8.19918,0.325,-224.808,-4.81782e-14,120.551,0.0104167,0.0208333,1.0,0.03125
144,Block Maker / MUTANT,HARD,MUTANT,1,1,0.922571,0.0760576,12.2981,0.0166667,-7.86473e-08,-7.92246,-8.22381,-11.0322,-14.0903,-16.0077,-19.1985,-3.04015,-7.79338,0.233333,-167.802,4.05457e-11,88.9913,0.00833333,0.00833337,1.0,0.0166667
145,Crushed Rail / MUTANT,HARD,MUTANT,1,1,0.922571,0.078852,12.0399,0.00833333,-4.43892e-08,-7.9408,-7.86338,-10.5036,-14.0116,-15.7694,-19.3643,-2.16089,-6.5841,0.488889,-178.42,3.87814e-13,96.154,0.00625,0.0020833299999999996,1.0,0.00833333
146,Clipped Concrete / MUTANT,HARD,MUTANT,1,1,0.922571,0.0697271,12.8031,0.0270833,-9.25262e-08,-7.96987,-8.17362,-11.244,-14.1169,-18.4161,-19.504,-3.48362,-9.84903,0.227778,-229.414,2.68156e-15,121.718,0.0104167,0.016666600000000004,1.0,0.027083300000000005
147,Hammer Hall / MUTANT,HARD,MUTANT,1,1,0.922571,0.0727505,12.4944,0.0104167,-4.36813e-08,-8.18547,-8.08333,-10.9065,-14.0447,-17.097,-19.8111,-3.03152,-8.85943,0.208333,-205.838,2.43267e-13,109.341,0.0145833,-0.004166600000000001,1.0,0.0104167
148,Main Room Block / MUTANT,HARD,MUTANT,1,1,0.922571,0.081745,11.9297,0.0375,-2.15185e-07,-8.16623,-7.70244,-10.7095,-13.9463,-15.2239,-19.7611,-2.13646,-6.2733,0.344444,-155.194,-8.24728e-11,83.4233,0.00625,0.03125,1.0,0.0375
149,Guillotine / MUTANT,HARD,MUTANT,1,1,0.922571,0.0806017,12.01,0.0229167,-5.66224e-08,-7.99118,-8.09481,-10.9913,-13.934,-15.1004,-19.1383,-2.81601,-6.81189,0.230556,-157.782,1.09944e-10,84.6954,0.00625,0.0166667,1.0,0.022916699999999998
150,Industrial Clean,INDUSTRIAL,CORE,1,1,0.915951,0.079398,12.1665,0.0,3.41767e-10,-8.61483,-9.80402,-8.79199,-13.9835,-17.0826,-20.1577,-1.81044,-6.36195,0.375,-104.969,4.13779e-08,52.4527,0.0,0.0,1.0,0.0
151,Reactor Core,INDUSTRIAL,CORE,1,1,0.915512,0.0761259,12.4838,0.0,4.53647e-09,-8.6652,-9.44709,-8.96979,-14.5653,-18.151,-19.9661,-2.09521,-7.30361,0.319444,-102.53,7.05166e-08,50.6032,0.0,0.0,1.0,0.0
152,Black Foundry,INDUSTRIAL,CORE,1,1,0.9153,0.0790819,12.2015,0.0,2.37982e-09,-8.70707,-10.0078,-8.95242,-13.6374,-17.2666,-20.7888,-0.936187,-5.48435,0.3,-102.034,-2.64358e-08,50.6742,0.0,0.0,1.0,0.0
153,Steel Chamber,INDUSTRIAL,CORE,1,1,0.915613,0.0773177,12.3644,0.0,1.76966e-09,-8.50235,-9.61541,-8.80251,-14.2747,-18.1291,-20.0662,-1.38434,-6.41227,0.3,-102.281,8.19028e-08,50.707,0.0,0.0,1.0,0.0
154,Container Impact,INDUSTRIAL,CORE,1,1,0.915989,0.0839845,11.839,0.0,9.28498e-10,-8.37719,-9.57957,-8.69658,-13.4774,-16.4325,-20.4995,-1.56399,-5.85004,0.422222,-101.444,7.57258e-08,51.4961,0.0,0.0,1.0,0.0
155,Factory Floor,INDUSTRIAL,CORE,1,1,0.915884,0.0856627,11.629,0.0,-1.95815e-09,-8.28955,-9.55576,-8.3624,-12.9922,-16.6194,-20.4993,-0.448311,-4.56125,0.436111,-102.1,-2.77697e-08,52.0534,0.0,0.0,1.0,0.0
156,Rust Press,INDUSTRIAL,CORE,1,1,0.917714,0.0826027,11.9592,0.0,2.57897e-09,-8.31092,-8.8118,-8.27239,-13.9464,-18.0542,-19.2569,-1.71684,-6.87976,0.583333,-99.3735,-6.25931e-08,50.6143,0.0,0.0,1.0,0.0
157,Broken Piston,INDUSTRIAL,CORE,1,1,0.92019,0.0836856,11.9019,0.0,8.47023e-09,-8.75175,-10.3238,-8.89761,-13.0094,-16.1704,-21.6142,-0.490267,-4.54221,0.35,-100.62,6.51745e-08,50.7634,0.0,0.0,1.0,0.0
158,Machine Teeth,INDUSTRIAL,CORE,1,1,0.919251,0.0833416,11.9198,0.0,1.22414e-10,-8.36008,-9.66666,-8.55678,-13.3863,-17.0345,-20.6113,-0.991124,-5.65341,0.416667,-100.084,4.38218e-09,50.6141,0.0,0.0,1.0,0.0
159,Underground Unit,INDUSTRIAL,CORE,1,1,0.917574,0.0875393,11.4873,0.0,1.33587e-09,-8.19614,-9.39869,-8.20612,-12.8299,-16.4277,-19.9647,-0.535221,-4.46147,0.497222,-99.4854,-4.75074e-08,50.6668,0.0,0.0,1.0,0.0
160,Industrial Clean / TIGHT,INDUSTRIAL,TIGHT,1,1,0.922571,0.0700621,12.927,0.00208333,4.65283e-09,-8.8834,-10.1709,-9.37101,-14.6234,-18.7165,-20.4924,-2.43732,-8.05843,0.3,-140.175,3.80231e-10,70.38,0.0,0.00208333,1.0,0.00208333
161,Reactor Core / TIGHT,INDUSTRIAL,TIGHT,1,1,0.920612,0.0700451,13.0158,0.0,-1.3557e-09,-9.05927,-9.93525,-9.4617,-15.039,-18.6948,-20.2891,-2.90982,-8.14419,0.269444,-122.262,-4.78841e-09,60.5319,0.0,0.0,1.0,0.0
162,Black Foundry / TIGHT,INDUSTRIAL,TIGHT,1,1,0.912627,0.0718934,12.7715,0.0,-1.55232e-10,-9.00952,-10.4804,-9.48747,-14.3349,-18.1224,-21.0664,-1.62798,-6.75384,0.236111,-115.788,-3.62355e-09,57.0401,0.0,0.0,1.0,0.0
163,Steel Chamber / TIGHT,INDUSTRIAL,TIGHT,1,1,0.91382,0.0728989,12.6775,0.0,4.73668e-09,-8.73761,-10.0338,-9.1018,-14.734,-18.3298,-20.2618,-1.97601,-7.18853,0.275,-114.434,-5.11882e-09,56.5502,0.0,0.0,1.0,0.0
164,Container Impact / TIGHT,INDUSTRIAL,TIGHT,1,1,0.917441,0.0743052,12.4402,0.0,8.07983e-09,-8.55987,-9.92146,-9.15508,-14.0568,-17.7113,-20.839,-2.09206,-7.31731,0.344444,-137.728,1.31213e-11,70.0596,0.0,0.0,1.0,0.0
165,Factory Floor / TIGHT,INDUSTRIAL,TIGHT,1,1,0.917269,0.075842,12.2222,0.0,2.01825e-09,-8.47916,-9.7385,-8.84515,-13.5952,-17.9579,-20.7461,-0.825481,-6.35016,0.366667,-138.531,1.24572e-09,70.343,0.0,0.0,1.0,0.0
166,Rust Press / TIGHT,INDUSTRIAL,TIGHT,1,1,0.918279,0.0763131,12.2052,0.0,-3.09683e-09,-8.42098,-8.96877,-8.46996,-14.3645,-18.3397,-19.1745,-2.40233,-8.0082,0.458333,-137.672,-4.58515e-10,70.318,0.0,0.0,1.0,0.0
167,Broken Piston / TIGHT,INDUSTRIAL,TIGHT,1,1,0.920447,0.0720902,12.7114,0.0,-3.59406e-09,-9.08894,-10.9795,-9.35909,-13.987,-17.6814,-21.7818,-1.50579,-6.63956,0.294444,-137.526,-2.53399e-10,69.2522,0.0,0.0,1.0,0.0
168,Machine Teeth / TIGHT,INDUSTRIAL,TIGHT,1,1,0.918727,0.0747637,12.3823,0.0,-5.68194e-09,-8.49091,-9.88313,-8.93422,-14.0323,-17.8676,-20.7007,-1.84949,-7.44863,0.352778,-136.328,-1.34641e-10,68.9061,0.0,0.0,1.0,0.0
169,Underground Unit / TIGHT,INDUSTRIAL,TIGHT,1,1,0.917177,0.0784187,11.9451,0.0,-3.49576e-10,-8.30467,-9.69119,-8.56324,-13.2055,-17.6049,-20.1517,-1.06767,-6.25335,0.45,-138.074,-1.16482e-09,70.3865,0.0,0.0,1.0,0.0
170,Industrial Clean / HEAVY,INDUSTRIAL,HEAVY,1,1,0.919463,0.0742867,12.6611,0.0,5.40856e-10,-8.92003,-9.65656,-9.01555,-14.5437,-18.6037,-19.9259,-2.44629,-7.32356,0.288889,-103.466,5.59643e-08,50.6757,0.0,0.0,1.0,0.0
171,Reactor Core / HEAVY,INDUSTRIAL,HEAVY,1,1,0.922006,0.0736912,12.758,0.0,1.88355e-10,-8.76774,-9.64024,-8.99898,-14.7907,-18.9314,-19.9712,-2.3892,-7.69535,0.275,-103.39,7.25177e-08,50.7123,0.0,0.0,1.0,0.0
172,Black Foundry / HEAVY,INDUSTRIAL,HEAVY,1,1,0.913654,0.0758931,12.4774,0.0,-8.73921e-09,-8.72595,-9.78724,-8.93571,-14.4417,-18.0942,-20.3231,-1.72123,-6.72267,0.291667,-102.702,8.57061e-09,50.6075,0.0,0.0,1.0,0.0
173,Steel Chamber / HEAVY,INDUSTRIAL,HEAVY,1,1,0.915381,0.0724124,12.7937,0.0,-2.43116e-09,-8.84325,-9.52163,-8.9641,-14.9942,-19.5626,-19.7251,-2.22971,-7.85892,0.272222,-103.988,7.65013e-08,50.7969,0.0,0.0,1.0,0.0
174,Container Impact / HEAVY,INDUSTRIAL,HEAVY,1,1,0.922571,0.0781288,12.3807,0.00208333,6.8714e-10,-8.56491,-9.47558,-8.85127,-14.2298,-17.8471,-20.3184,-2.18257,-6.7482,0.313889,-101.578,7.16623e-09,50.5902,0.0,0.00208333,1.0,0.00208333
175,Factory Floor / HEAVY,INDUSTRIAL,HEAVY,1,1,0.913343,0.0806595,12.0637,0.0,6.03387e-09,-8.41075,-9.57262,-8.59047,-13.759,-17.6838,-20.2912,-1.1617,-5.93454,0.361111,-100.911,1.02625e-08,50.7927,0.0,0.0,1.0,0.0
176,Rust Press / HEAVY,INDUSTRIAL,HEAVY,1,1,0.922571,0.0795324,12.2502,0.0125,-5.82574e-08,-8.37744,-9.00198,-8.45132,-14.3046,-18.519,-19.414,-1.98789,-7.40595,0.458333,-100.534,-1.93134e-08,50.5187,0.0,0.0125,1.0,0.0125
177,Broken Piston / HEAVY,INDUSTRIAL,HEAVY,1,1,0.916578,0.0754264,12.5392,0.0,2.71134e-11,-8.82616,-9.9978,-9.10774,-14.1303,-18.1168,-20.8342,-1.66027,-6.26706,0.269444,-103.08,-1.13744e-08,50.666,0.0,0.0,1.0,0.0
178,Machine Teeth / HEAVY,INDUSTRIAL,HEAVY,1,1,0.918069,0.0760803,12.501,0.0,-7.99637e-10,-8.6837,-9.35556,-8.83062,-14.471,-18.6927,-20.0366,-2.0398,-7.44393,0.313889,-102.467,-1.67605e-08,50.8196,0.0,0.0,1.0,0.0
179,Underground Unit / HEAVY,INDUSTRIAL,HEAVY,1,1,0.917174,0.0821942,11.9604,0.0,4.42999e-09,-8.47771,-9.12075,-8.44771,-13.7005,-17.5801,-19.7542,-1.34016,-6.00836,0.411111,-100.549,-5.14429e-08,50.7376,0.0,0.0,1.0,0.0
180,Industrial Clean / SUSTAIN,INDUSTRIAL,SUSTAIN,1,1,0.92211,0.0809424,12.1651,0.0,3.85378e-09,-9.05252,-10.3493,-9.22121,-13.4505,-16.1528,-20.9392,-1.94417,-5.52136,0.322222,-101.45,-2.92361e-08,50.6561,0.0,0.0,1.0,0.0
181,Reactor Core / SUSTAIN,INDUSTRIAL,SUSTAIN,1,1,0.919042,0.0764099,12.5559,0.0,4.32707e-11,-9.04959,-10.0567,-9.41553,-14.2165,-17.1635,-20.8383,-2.53492,-6.3225,0.297222,-102.405,-2.19543e-09,50.7066,0.0,0.0,1.0,0.0
182,Black Foundry / SUSTAIN,INDUSTRIAL,SUSTAIN,1,1,0.922571,0.0786229,12.3785,0.00416667,-1.18176e-08,-9.18649,-10.7871,-9.30814,-13.6692,-16.4382,-21.5524,-1.35526,-5.45909,0.258333,-102.171,-3.99845e-08,50.7296,0.0,0.00416667,1.0,0.00416667
183,Steel Chamber / SUSTAIN,INDUSTRIAL,SUSTAIN,1,1,0.922571,0.0777374,12.4287,0.00833333,-2.0865e-08,-8.8298,-10.1939,-9.08158,-13.9943,-17.208,-20.6454,-1.70407,-6.11975,0.241667,-102.245,-2.05962e-08,50.5745,0.0,0.00833333,1.0,0.00833333
184,Container Impact / SUSTAIN,INDUSTRIAL,SUSTAIN,1,1,0.922571,0.0858225,11.7978,0.00625,-4.56364e-09,-8.73307,-10.0406,-9.01715,-13.0779,-15.5031,-21.3865,-1.65457,-4.94831,0.355556,-99.7522,1.77026e-08,50.6435,0.0,0.00625,1.0,0.00625
185,Factory Floor / SUSTAIN,INDUSTRIAL,SUSTAIN,1,1,0.922571,0.0872721,11.6276,0.00416667,-1.46022e-08,-8.60583,-10.084,-8.64959,-12.7417,-15.666,-21.227,-0.357655,-4.53608,0.383333,-99.6168,9.0178e-09,50.6211,0.0,0.00416667,1.0,0.00416667
186,Rust Press / SUSTAIN,INDUSTRIAL,SUSTAIN,1,1,0.919234,0.0848338,11.8222,0.0,7.19794e-11,-8.49255,-9.08138,-8.44003,-13.5325,-16.892,-19.7556,-1.96064,-6.30518,0.436111,-99.4064,-1.46912e-08,50.7296,0.0,0.0,1.0,0.0
187,Broken Piston / SUSTAIN,INDUSTRIAL,SUSTAIN,1,1,0.922571,0.0829796,12.014,0.00208333,-4.50783e-09,-9.14227,-10.9923,-9.19177,-13.0548,-15.6268,-21.9591,-1.22971,-4.48681,0.313889,-100.951,-6.35167e-08,50.6871,0.0,0.00208333,1.0,0.00208333
188,Machine Teeth / SUSTAIN,INDUSTRIAL,SUSTAIN,1,1,0.921555,0.0830487,11.9847,0.0,2.08806e-09,-8.66438,-9.89374,-8.80861,-13.4754,-16.3626,-20.7996,-1.66352,-5.79,0.327778,-100.591,3.1092e-09,50.728,0.0,0.0,1.0,0.0
189,Underground Unit / SUSTAIN,INDUSTRIAL,SUSTAIN,1,1,0.922571,0.0880779,11.5427,0.0145833,-8.29961e-08,-8.49486,-9.92006,-8.39521,-12.7721,-15.7446,-20.3853,-0.800442,-4.92579,0.433333,-99.595,1.12325e-07,50.7606,0.0,0.0145833,1.0,0.0145833
190,Industrial Clean / MUTANT,INDUSTRIAL,MUTANT,1,1,0.915165,0.0719288,12.6808,0.0,3.8237e-09,-8.97263,-9.95696,-9.30702,-14.3787,-18.2184,-20.3447,-2.41182,-7.76204,0.325,-133.981,-1.33576e-09,67.3432,0.0,0.0,1.0,0.0
191,Reactor Core / MUTANT,INDUSTRIAL,MUTANT,1,1,0.913974,0.0742539,12.6827,0.0,-3.93041e-09,-9.04322,-9.85883,-9.32682,-14.7655,-17.765,-20.0933,-2.74101,-7.39539,0.297222,-103.201,-7.04849e-08,50.6856,0.0,0.0,1.0,0.0
192,Black Foundry / MUTANT,INDUSTRIAL,MUTANT,1,1,0.921488,0.0750363,12.6626,0.0,5.94703e-09,-9.06878,-10.7051,-9.40938,-14.097,-17.3065,-20.9713,-1.64545,-6.26403,0.266667,-103.394,1.42684e-08,50.6745,0.0,0.0,1.0,0.0
193,Steel Chamber / MUTANT,INDUSTRIAL,MUTANT,1,1,0.917502,0.0759329,12.5208,0.0,-4.30874e-10,-8.74677,-10.0783,-9.06331,-14.41,-17.6275,-20.166,-1.95149,-6.79963,0.280556,-103.039,3.8119e-08,50.6875,0.0,0.0,1.0,0.0
194,Container Impact / MUTANT,INDUSTRIAL,MUTANT,1,1,0.922193,0.0765671,12.3099,0.0,-5.64726e-09,-8.54484,-10.081,-9.01019,-13.8796,-17.1111,-20.6907,-1.99174,-6.91965,0.363889,-129.648,-2.63353e-09,66.0968,0.0,0.0,1.0,0.0
195,Factory Floor / MUTANT,INDUSTRIAL,MUTANT,1,1,0.920663,0.0777929,12.1009,0.0,2.82207e-09,-8.48164,-9.93933,-8.73066,-13.4081,-17.3574,-20.5763,-0.983912,-6.23671,0.391667,-131.527,3.07003e-09,66.8537,0.0,0.0,1.0,0.0
196,Rust Press / MUTANT,INDUSTRIAL,MUTANT,1,1,0.919412,0.0788938,12.072,0.0,-5.79127e-10,-8.37664,-8.91303,-8.4643,-14.2246,-17.6563,-19.0988,-2.46961,-7.58137,0.427778,-122.789,-2.16292e-09,62.534,0.0,0.0,1.0,0.0
197,Broken Piston / MUTANT,INDUSTRIAL,MUTANT,1,1,0.922571,0.0776223,12.3223,0.00208333,9.31118e-09,-9.06446,-10.9268,-9.24757,-13.4607,-16.5041,-21.6668,-1.20218,-5.55563,0.313889,-116.585,-5.19716e-09,58.6828,0.0,0.00208333,1.0,0.00208333
198,Machine Teeth / MUTANT,INDUSTRIAL,MUTANT,1,1,0.919474,0.0803113,12.0843,0.0,6.94102e-10,-8.51291,-9.94695,-8.8756,-13.6065,-16.7439,-20.6027,-1.64481,-6.28567,0.358333,-108.958,-7.57079e-09,54.9324,0.0,0.0,1.0,0.0
199,Underground Unit / MUTANT,INDUSTRIAL,MUTANT,1,1,0.919563,0.0820621,11.7746,0.0,1.64011e-09,-8.34464,-9.84279,-8.49187,-12.9908,-16.7665,-20.1247,-0.935083,-5.51645,0.436111,-117.39,-4.13522e-09,59.429,0.0,0.0,1.0,0.0
200,Rave Foundation,RAVE,CORE,1,1,0.918313,0.0847434,11.0026,0.0,-8.16749e-10,-7.33208,-5.14876,-7.68408,-13.647,-20.9081,-14.6685,-3.91294,-12.5573,0.591667,-300.0,0.0,0.0,0.0,0.0,1.0,0.0
201,Saw Pressure,RAVE,CORE,1,1,0.919667,0.0888968,10.6376,0.0,-6.10958e-09,-7.13241,-5.08502,-7.69939,-12.8375,-18.425,-14.9128,-3.71166,-10.692,0.661111,-300.0,0.0,0.0,0.0,0.0,1.0,0.0
202,Warehouse Rave,RAVE,CORE,1,1,0.922571,0.0931299,10.2206,0.0270833,-5.32537e-08,-6.34448,-4.62703,-7.13755,-12.2555,-19.3503,-14.3259,-3.07328,-10.9071,1.28611,-300.0,0.0,0.0,0.0270833,0.0,1.0,0.0270833
203,Red Strobe,RAVE,CORE,1,1,0.921519,0.0869946,10.8072,0.0,9.17689e-09,-7.31656,-5.20003,-7.39594,-13.1954,-20.0402,-14.9895,-3.46336,-11.7972,0.586111,-300.0,0.0,0.0,0.0,0.0,1.0,0.0
204,Rave Saw,RAVE,CORE,1,1,0.920654,0.0878754,10.7491,0.0,6.20666e-09,-7.30869,-5.11831,-7.71657,-12.9655,-18.903,-14.8894,-3.53537,-10.5821,0.536111,-300.0,0.0,0.0,0.0,0.0,1.0,0.0
205,Overdrive 1999,RAVE,CORE,1,1,0.914429,0.084472,11.0429,0.0,7.05114e-09,-8.45977,-6.07702,-7.68971,-13.0931,-18.5432,-15.9307,-3.4711,-10.4888,0.205556,-300.0,0.0,0.0,0.0,0.0,1.0,0.0
206,Neon Tunnel,RAVE,CORE,1,1,0.922571,0.0894965,10.5636,0.0104167,-6.15624e-09,-6.72535,-4.94477,-7.27015,-12.7258,-20.4137,-15.1232,-3.15661,-12.1307,0.830556,-300.0,0.0,0.0,0.0104167,0.0,1.0,0.0104167
207,Acid Hammer,RAVE,CORE,1,1,0.922571,0.09388,10.149,0.0395833,-1.25677e-07,-6.05801,-4.60559,-7.12439,-12.0969,-19.454,-14.5123,-2.87518,-10.9222,1.34444,-300.0,0.0,0.0,0.0395833,0.0,1.0,0.0395833
208,Alarm State,RAVE,CORE,1,1,0.922277,0.0912564,10.4018,0.0,-2.72368e-09,-7.5797,-5.36014,-7.05691,-12.1504,-18.2271,-15.6831,-3.22865,-10.4261,0.725,-300.0,0.0,0.0,0.0,0.0,1.0,0.0
209,Belgian Basement,RAVE,CORE,1,1,0.922571,0.0939181,10.1604,0.0104167,-8.18878e-09,-6.90625,-5.13255,-6.87019,-12.0775,-17.7506,-15.5027,-2.74409,-9.90618,0.952778,-300.0,0.0,0.0,0.0104167,0.0,1.0,0.0104167
210,Rave Foundation / TIGHT,RAVE,TIGHT,1,1,0.915462,0.0803069,11.4374,0.0,2.07432e-09,-7.86298,-5.35074,-8.02282,-14.1065,-24.1674,-15.3519,-4.34988,-15.9965,0.352778,-300.0,0.0,0.0,0.0,0.0,1.0,0.0
211,Saw Pressure / TIGHT,RAVE,TIGHT,1,1,0.917625,0.0825472,11.2189,0.0,-4.19897e-09,-7.73803,-5.40305,-8.04862,-13.336,-21.711,-15.6671,-4.43384,-14.4044,0.427778,-300.0,0.0,0.0,0.0,0.0,1.0,0.0
212,Warehouse Rave / TIGHT,RAVE,TIGHT,1,1,0.922571,0.0889621,10.6155,0.0145833,-3.15397e-08,-6.64441,-4.79683,-7.25229,-12.798,-22.5247,-14.7332,-3.57978,-14.1574,0.955556,-300.0,0.0,0.0,0.0166667,-0.002083399999999999,1.0,0.0145833
213,Red Strobe / TIGHT,RAVE,TIGHT,1,1,0.91953,0.0819825,11.2965,0.0,-2.71933e-09,-7.7954,-5.60145,-7.60811,-13.6457,-23.8299,-15.6665,-4.02279,-15.4182,0.455556,-300.0,0.0,0.0,0.0,0.0,1.0,0.0
214,Rave Saw / TIGHT,RAVE,TIGHT,1,1,0.916779,0.081443,11.3279,0.0,2.82156e-10,-7.86928,-5.42531,-8.07627,-13.6666,-22.0878,-15.4943,-4.32703,-14.0619,0.305556,-300.0,0.0,0.0,0.0,0.0,1.0,0.0
215,Overdrive 1999 / TIGHT,RAVE,TIGHT,1,1,0.906817,0.0788358,11.5156,0.0,-2.73635e-09,-8.79069,-6.28489,-7.93257,-13.7252,-21.7253,-16.5276,-4.14725,-13.5521,0.180556,-300.0,0.0,0.0,0.0,0.0,1.0,0.0
216,Neon Tunnel / TIGHT,RAVE,TIGHT,1,1,0.922571,0.0857903,10.9309,0.00208333,-5.28425e-09,-7.18691,-5.27342,-7.40792,-13.0206,-22.8836,-15.4984,-3.78284,-14.5984,0.663889,-300.0,0.0,0.0,0.0,0.00208333,1.0,0.00208333
217,Acid Hammer / TIGHT,RAVE,TIGHT,1,1,0.922571,0.0905553,10.4614,0.025,-7.72219e-08,-6.35987,-4.66355,-7.28803,-12.4867,-21.8259,-14.8063,-3.42046,-13.8837,1.05833,-300.0,0.0,0.0,0.0270833,-0.0020832999999999997,1.0,0.025
218,Alarm State / TIGHT,RAVE,TIGHT,1,1,0.921672,0.0858442,10.9169,0.0,-3.5293e-09,-8.01759,-5.5238,-7.32191,-12.6304,-21.8206,-16.3699,-3.61738,-14.2309,0.625,-300.0,0.0,0.0,0.0,0.0,1.0,0.0
219,Belgian Basement / TIGHT,RAVE,TIGHT,1,1,0.922571,0.0876436,10.7452,0.00833333,-1.67659e-08,-7.4923,-5.27179,-7.28484,-12.4468,-21.7053,-16.0348,-3.81799,-14.071,0.827778,-300.0,0.0,0.0,0.00416667,0.00416666,1.0,0.00833333
220,Rave Foundation / HEAVY,RAVE,HEAVY,1,1,0.922571,0.0870719,10.8575,0.0333333,-2.29547e-07,-7.22556,-5.10844,-7.54838,-13.492,-19.5724,-14.5507,-3.52895,-11.1576,0.616667,-300.0,4.1467e-34,0.0,0.0,0.0333333,0.25,0.008333325
221,Saw Pressure / HEAVY,RAVE,HEAVY,1,1,0.922571,0.0911761,10.49,0.0208333,-2.62352e-07,-6.76957,-4.86982,-7.5323,-12.8403,-18.1737,-14.5991,-3.27554,-10.1958,0.877778,-300.0,4.1467e-34,0.0,0.0,0.0208333,0.25,0.005208325
222,Warehouse Rave / HEAVY,RAVE,HEAVY,1,1,0.922571,0.094093,10.1796,0.0479167,-4.89866e-07,-6.39798,-4.62734,-7.21828,-12.2818,-18.3122,-14.2788,-2.82359,-9.76428,1.31944,-300.0,4.1467e-34,0.0,0.025,0.022916699999999998,0.25,0.030729175
223,Red Strobe / HEAVY,RAVE,HEAVY,1,1,0.922571,0.0895201,10.6211,0.0875,-1.00076e-06,-7.09042,-4.95579,-7.32361,-13.1303,-19.1336,-14.7712,-2.86992,-10.4277,0.736111,-300.0,4.1467e-34,0.0,0.0,0.0875,0.25,0.021875
224,Rave Saw / HEAVY,RAVE,HEAVY,1,1,0.922571,0.0894786,10.64,0.0291667,-2.50776e-07,-7.05227,-4.97309,-7.5578,-12.9987,-18.7318,-14.6314,-3.17362,-10.3087,0.686111,-300.0,4.1467e-34,0.0,0.0,0.0291667,0.25,0.007291675
225,Overdrive 1999 / HEAVY,RAVE,HEAVY,1,1,0.910347,0.0871108,10.7634,0.0,-2.0681e-09,-8.00448,-5.76943,-7.41878,-13.0622,-18.3189,-15.4841,-3.15263,-10.0555,0.430556,-300.0,4.1467e-34,0.0,0.0,0.0,0.25,0.0
226,Neon Tunnel / HEAVY,RAVE,HEAVY,0,1,0.922571,0.0913764,10.4128,0.125,-7.70434e-07,-6.76155,-4.8637,-7.23848,-12.7143,-18.6775,-14.8778,-3.08071,-10.3793,0.902778,-300.0,4.1467e-34,0.0,0.00833333,0.11666667,0.25,0.0374999975
227,Acid Hammer / HEAVY,RAVE,HEAVY,0,1,0.922571,0.0952661,10.0648,0.2125,-2.0915e-06,-6.12816,-4.57698,-7.09299,-12.2018,-18.1465,-14.4959,-2.50143,-9.56916,1.35556,-300.0,4.1467e-34,0.0,0.0395833,0.17291669999999998,0.25,0.082812475
228,Alarm State / HEAVY,RAVE,HEAVY,1,1,0.922571,0.0948196,10.1518,0.00833333,-2.08097e-08,-7.15547,-5.12069,-6.97769,-12.0831,-17.1052,-15.2286,-2.76173,-9.06968,0.894444,-300.0,4.1467e-34,0.0,0.00625,0.0020833299999999996,0.25,0.006770832500000001
229,Belgian Basement / HEAVY,RAVE,HEAVY,0,1,0.922571,0.0965328,10.0126,0.1375,-1.78698e-06,-6.71704,-4.80883,-7.00616,-12.0005,-17.0298,-15.1504,-2.44706,-8.74633,1.10556,-300.0,4.1467e-34,0.0,0.01875,0.11875000000000001,0.25,0.0484375
230,Rave Foundation / SUSTAIN,RAVE,SUSTAIN,1,1,0.901947,0.083914,11.0006,0.0,3.26518e-09,-8.205,-5.72786,-7.92675,-13.4365,-18.9471,-15.3313,-3.78424,-10.8765,0.269444,-300.0,5.0858e-22,105.955,0.0,0.0,1.0,0.0
231,Saw Pressure / SUSTAIN,RAVE,SUSTAIN,1,1,0.905992,0.0870065,10.7421,0.0,4.63547e-09,-8.06378,-5.74503,-7.87697,-12.7925,-17.6462,-15.5418,-4.04291,-10.4229,0.372222,-300.0,5.0858e-22,105.955,0.0,0.0,1.0,0.0
232,Warehouse Rave / SUSTAIN,RAVE,SUSTAIN,1,1,0.922571,0.0940594,10.2232,0.0333333,-1.79887e-07,-7.00943,-4.9088,-7.16912,-12.316,-17.3651,-14.8026,-2.87974,-9.1341,0.866667,-300.0,5.0858e-22,105.955,0.00208333,0.031249970000000002,1.0,0.0333333
233,Red Strobe / SUSTAIN,RAVE,SUSTAIN,1,1,0.922571,0.0862654,10.9681,0.00208333,7.09306e-10,-8.34568,-5.85323,-7.60885,-13.0258,-18.1211,-15.7308,-3.34864,-10.1398,0.219444,-300.0,5.0858e-22,105.955,0.0,0.00208333,1.0,0.00208333
234,Rave Saw / SUSTAIN,RAVE,SUSTAIN,1,1,0.922141,0.0850656,11.081,0.0,-4.43401e-10,-8.30275,-5.70603,-7.88929,-13.3192,-18.1604,-15.7026,-3.675,-10.4062,0.177778,-300.0,5.0858e-22,105.955,0.0,0.0,1.0,0.0
235,Overdrive 1999 / SUSTAIN,RAVE,SUSTAIN,1,1,0.876853,0.0822153,10.9495,0.0,-9.22511e-10,-9.27031,-6.72173,-7.93006,-13.2652,-17.8996,-16.7015,-3.50661,-9.93142,0.280556,-300.0,5.0858e-22,105.955,0.0,0.0,1.0,0.0
236,Neon Tunnel / SUSTAIN,RAVE,SUSTAIN,1,1,0.922571,0.0909951,10.5083,0.00208333,-3.8545e-09,-7.56877,-5.32092,-7.4105,-12.4832,-17.4636,-15.6148,-3.07501,-9.47618,0.586111,-300.0,5.0858e-22,105.955,0.0,0.00208333,1.0,0.00208333
237,Acid Hammer / SUSTAIN,RAVE,SUSTAIN,1,1,0.922571,0.0957266,10.0795,0.04375,-2.06267e-07,-6.70812,-4.81101,-7.22136,-11.9891,-17.0625,-14.9439,-2.76781,-8.91884,0.894444,-300.0,5.0858e-22,105.955,0.0145833,0.029166699999999997,1.0,0.04375
238,Alarm State / SUSTAIN,RAVE,SUSTAIN,1,1,0.922571,0.092864,10.3562,0.0145833,-3.57707e-08,-8.29184,-5.8781,-7.23332,-11.8359,-16.3442,-16.1964,-3.19485,-8.94324,0.397222,-300.0,5.0858e-22,105.955,0.0,0.0145833,1.0,0.0145833
239,Belgian Basement / SUSTAIN,RAVE,SUSTAIN,1,1,0.922571,0.0948488,10.182,0.00625,-1.38477e-08,-7.88199,-5.68388,-7.05136,-11.8427,-16.0402,-16.059,-3.11177,-8.85741,0.669444,-300.0,5.0858e-22,105.955,0.0,0.00625,1.0,0.00625
240,Rave Foundation / MUTANT,RAVE,MUTANT,1,1,0.917544,0.0824875,11.2249,0.0,-1.80707e-09,-7.90808,-5.37015,-8.00987,-13.5077,-21.2486,-15.4644,-4.03434,-13.3153,0.294444,-300.0,1.14574e-36,0.0,0.0,0.0,1.0,0.0
241,Saw Pressure / MUTANT,RAVE,MUTANT,1,1,0.920292,0.0869839,10.8074,0.0,2.30312e-09,-7.62455,-5.3288,-7.85347,-12.7227,-18.6688,-15.5734,-3.89728,-11.1615,0.486111,-300.0,1.14574e-36,0.0,0.0,0.0,1.0,0.0
242,Warehouse Rave / MUTANT,RAVE,MUTANT,1,1,0.922571,0.0906932,10.4481,0.00833333,-3.34258e-08,-6.69212,-4.82765,-7.26636,-12.4338,-20.1611,-14.9007,-3.2838,-12.1988,0.938889,-300.0,1.14574e-36,0.0,0.0145833,-0.0062499700000000005,1.0,0.00833333
243,Red Strobe / MUTANT,RAVE,MUTANT,1,1,0.920805,0.0839014,11.1083,0.0,1.23522e-10,-7.95524,-5.70958,-7.61461,-13.158,-20.5492,-15.8382,-3.70287,-12.7767,0.391667,-300.0,1.14574e-36,0.0,0.0,0.0,1.0,0.0
244,Rave Saw / MUTANT,RAVE,MUTANT,1,1,0.918314,0.0845623,11.0379,0.0,2.17167e-09,-7.93844,-5.54695,-7.8877,-13.1995,-19.1628,-15.671,-3.9272,-11.3047,0.288889,-300.0,1.14574e-36,0.0,0.0,0.0,1.0,0.0
245,Overdrive 1999 / MUTANT,RAVE,MUTANT,1,1,0.910264,0.0834463,11.0833,0.0,4.58946e-09,-8.67746,-6.115,-7.82553,-13.0796,-18.6271,-16.5229,-3.52535,-10.7077,0.205556,-300.0,1.14574e-36,0.0,0.0,0.0,1.0,0.0
246,Neon Tunnel / MUTANT,RAVE,MUTANT,1,1,0.922571,0.0866342,10.8458,0.00416667,-2.92937e-09,-7.26905,-5.27867,-7.33592,-12.9054,-21.7355,-15.5939,-3.74975,-13.805,0.655556,-300.0,1.14574e-36,0.0,0.0,0.00416667,1.0,0.00416667
247,Acid Hammer / MUTANT,RAVE,MUTANT,1,1,0.922571,0.0921275,10.3118,0.05,-1.3894e-07,-6.36837,-4.68453,-7.29642,-12.1076,-20.2434,-14.9659,-3.24825,-12.2613,1.04167,-300.0,1.14574e-36,0.0,0.0291667,0.020833300000000003,1.0,0.05
248,Alarm State / MUTANT,RAVE,MUTANT,1,1,0.922571,0.0894624,10.5679,0.0104167,-1.79486e-08,-7.86897,-5.4193,-7.26495,-12.1406,-18.8663,-16.2339,-3.27492,-11.389,0.661111,-300.0,1.14574e-36,0.0,0.0,0.0104167,1.0,0.0104167
249,Belgian Basement / MUTANT,RAVE,MUTANT,1,1,0.922571,0.0908845,10.4321,0.00208333,-2.2399e-09,-7.62613,-5.36815,-7.22444,-11.9475,-18.3784,-16.1362,-3.50104,-11.1522,0.791667,-300.0,1.14574e-36,0.0,0.0,0.00208333,1.0,0.00208333
