index,name,family,bank,technical,residual,peak,rms,crest075_db,safety_hit_pct,dc,w0_30_db,w30_80_db,w80_180_db,w180_400_db,w400_750_db,low80_180_db,low180_400_rel_db,low400_750_rel_db,near_peak90_075_pct,tail_rms_db,tail_mean,decay_drop_db
0,Clean Weight,ROUND,CORE,1,1,0.921825,0.108176,9.19865,0,2.07037e-08,-5.98078,-4.27217,-7.11465,-10.3643,-15.1393,-14.4455,-0.34665,-4.74483,0.769444,-83.4083,6.8667e-07,37.4842
1,Club Anchor,ROUND,CORE,1,1,0.922571,0.114788,8.71879,0.0145833,-2.72945e-08,-5.68457,-4.0834,-6.9374,-9.55887,-14.1325,-13.755,0.0398302,-4.27625,1.46944,-82.7108,8.64104e-09,37.6234
2,Deep Concrete,ROUND,CORE,1,1,0.922571,0.109602,9.09439,0.00416667,-2.01268e-08,-5.88835,-4.22917,-7.03749,-10.1974,-14.9413,-14.4579,-0.141947,-4.56565,0.861111,-84.1148,4.25977e-07,38.1039
3,Round Hammer,ROUND,CORE,1,1,0.917297,0.102654,9.55936,0,-3.87831e-10,-6.57554,-4.57336,-7.10997,-11.0014,-15.9569,-15.1304,-0.776082,-5.71222,0.527778,-94.3866,-7.46818e-08,43.7204
4,Dark Pulse,ROUND,CORE,1,1,0.922571,0.115155,8.74735,0.0145833,-9.03932e-09,-5.85028,-4.17761,-6.77731,-9.70935,-14.0593,-14.3867,0.122796,-4.03164,1.03333,-79.5042,-1.46709e-07,36.2449
5,Tight Basement,ROUND,CORE,1,1,0.922571,0.110174,9.0703,0.00208333,-1.37277e-08,-6.3428,-4.26112,-6.85045,-10.1637,-14.823,-15.2433,-0.142045,-4.76489,0.855556,-89.8807,-3.15287e-07,42.1606
6,Sub Foundation,ROUND,CORE,1,1,0.922571,0.106522,9.22682,0.01875,-4.22403e-08,-5.92192,-4.22624,-6.85177,-10.4441,-15.8028,-15.0176,-0.317057,-5.47705,1.075,-107.532,-1.48588e-08,51.2121
7,Warm Reactor,ROUND,CORE,1,1,0.922571,0.110081,9.01594,0.0208333,-5.27301e-08,-5.84036,-4.19276,-6.81882,-10.1604,-14.9462,-14.6975,-0.12447,-4.81721,1.09167,-94.5132,-1.80323e-08,44.2513
8,Black Drum,ROUND,CORE,1,1,0.922571,0.117899,8.67685,0.00625,4.59815e-09,-6.1884,-4.38393,-6.50156,-9.66751,-13.6783,-15.3194,0.306946,-3.5238,0.941667,-73.7281,-5.75095e-07,33.7309
9,Sub Vault,ROUND,CORE,1,1,0.922571,0.114735,8.71964,0.03125,-7.3019e-08,-5.96942,-4.17217,-6.62328,-9.60564,-14.2513,-14.9818,0.24501,-4.10938,1.16111,-89.2681,1.81723e-07,41.904
10,Clean Weight / TIGHT,ROUND,TIGHT,1,1,0.913434,0.0943928,10.1085,0,-1.80877e-09,-6.49274,-4.71534,-7.47278,-11.934,-18.0883,-15.013,-1.52457,-7.52817,0.408333,-120.775,-4.25657e-09,56.9236
11,Club Anchor / TIGHT,ROUND,TIGHT,1,1,0.921457,0.101,9.6069,0,-1.85215e-09,-5.8625,-4.34887,-7.18346,-11.0463,-16.8976,-14.3227,-0.913552,-6.77795,0.744444,-120.194,-5.9632e-09,57.159
12,Deep Concrete / TIGHT,ROUND,TIGHT,1,1,0.918528,0.0957563,10.0319,0,-2.39107e-09,-6.37558,-4.64464,-7.39087,-11.7179,-17.8855,-14.9345,-1.44208,-7.44006,0.475,-121.993,-1.11201e-11,57.7556
13,Round Hammer / TIGHT,ROUND,TIGHT,1,1,0.884001,0.0870669,10.4963,0,-4.27989e-09,-7.27017,-5.18397,-7.74967,-13.0521,-19.6251,-15.7906,-2.49105,-9.07356,0.361111,-137.748,-5.72413e-10,65.9706
14,Dark Pulse / TIGHT,ROUND,TIGHT,1,1,0.920773,0.100587,9.65746,0,-2.58424e-09,-6.26524,-4.43586,-7.05837,-11.1419,-16.9211,-14.9351,-0.868118,-6.60447,0.591667,-115.531,-5.47251e-09,54.8646
15,Tight Basement / TIGHT,ROUND,TIGHT,1,1,0.915813,0.094227,10.1403,0,-8.12396e-10,-6.91349,-4.82123,-7.24107,-11.9302,-18.1647,-15.7235,-1.77277,-8.01498,0.466667,-132.015,-1.44686e-09,63.7599
16,Sub Foundation / TIGHT,ROUND,TIGHT,1,1,0.921906,0.0946353,10.1313,0,7.8323e-09,-6.43815,-4.44634,-7.29455,-12.0334,-18.7643,-15.4388,-1.82343,-8.50855,0.616667,-145.266,8.26066e-10,70.8347
17,Warm Reactor / TIGHT,ROUND,TIGHT,1,1,0.922508,0.095977,10.0257,0,-1.36697e-09,-6.33031,-4.41856,-7.26604,-11.7936,-18.3943,-15.3455,-1.41324,-7.95003,0.65,-138.43,8.2619e-11,67.0437
18,Black Drum / TIGHT,ROUND,TIGHT,1,1,0.916584,0.101523,9.59635,0,7.17927e-10,-6.55112,-4.88736,-6.83995,-11.0372,-16.2739,-15.6876,-0.969236,-6.08905,0.583333,-105.949,-2.08013e-08,50.2245
19,Sub Vault / TIGHT,ROUND,TIGHT,1,1,0.921111,0.0995012,9.71796,0,-9.12971e-10,-6.27425,-4.58716,-6.8646,-11.2298,-17.4602,-15.3335,-1.21493,-7.29644,0.686111,-131.127,4.39268e-09,63.6402
20,Clean Weight / HEAVY,ROUND,HEAVY,1,1,0.922571,0.11261,8.92748,0.00833333,3.09997e-08,-5.74156,-4.08841,-7.04365,-9.99011,-14.5023,-14.2121,0.0246412,-4.09874,1.1,-76.1906,-1.25249e-07,33.7424
21,Club Anchor / HEAVY,ROUND,HEAVY,1,1,0.922571,0.117414,8.59244,0.0270833,-3.96353e-08,-5.68424,-3.9745,-6.97433,-9.38895,-13.7528,-13.6972,0.346064,-3.72261,1.61667,-75.4553,-5.94472e-07,33.7516
22,Deep Concrete / HEAVY,ROUND,HEAVY,1,1,0.922571,0.114292,8.80802,0.0166667,3.42398e-09,-5.63871,-4.05817,-6.95435,-9.82498,-14.2686,-14.1905,0.213433,-3.86789,1.19444,-75.8604,8.45113e-09,33.6647
23,Round Hammer / HEAVY,ROUND,HEAVY,1,1,0.922571,0.110807,9.06245,0.00625,7.98797e-09,-6.1445,-4.29657,-6.87055,-10.2337,-14.6734,-14.8129,-0.139808,-4.40771,0.841667,-81.0002,-2.83758e-07,36.8242
24,Dark Pulse / HEAVY,ROUND,HEAVY,1,1,0.922571,0.118976,8.51586,0.0375,-4.83075e-08,-5.62184,-4.07314,-6.76432,-9.30173,-13.6382,-14.253,0.544961,-3.43904,1.30833,-74.6767,-4.71351e-07,33.7432
25,Tight Basement / HEAVY,ROUND,HEAVY,1,1,0.922571,0.118396,8.59182,0.0354167,-6.00586e-08,-5.96907,-4.03576,-6.71337,-9.56456,-13.5887,-14.9228,0.358887,-3.58914,1.22778,-77.1695,-1.21008e-07,35.7075
26,Sub Foundation / HEAVY,ROUND,HEAVY,1,1,0.922571,0.112195,8.85886,0.0375,-1.16773e-07,-5.62042,-4.07088,-6.91917,-9.7554,-14.7926,-14.569,0.192869,-4.45253,1.27778,-93.007,-9.56635e-08,43.5769
27,Warm Reactor / HEAVY,ROUND,HEAVY,1,1,0.922571,0.11606,8.64929,0.0479167,-1.49486e-07,-5.54419,-4.0636,-6.84021,-9.46265,-14.1247,-14.4403,0.429956,-3.60076,1.36667,-81.9022,-2.22532e-07,37.6042
28,Black Drum / HEAVY,ROUND,HEAVY,1,1,0.922571,0.121765,8.41596,0.04375,-1.62523e-07,-5.96016,-4.14808,-6.39837,-9.37602,-13.1948,-15.0963,0.598098,-3.15983,1.28333,-73.1836,2.04346e-06,33.7366
29,Sub Vault / HEAVY,ROUND,HEAVY,1,1,0.922571,0.122192,8.32869,0.0604167,-2.70447e-07,-5.74228,-3.98309,-6.50533,-9.1025,-13.2901,-14.8349,0.842264,-2.93216,1.46667,-76.603,-1.01266e-06,35.51
30,Clean Weight / SUSTAIN,ROUND,SUSTAIN,1,1,0.920731,0.108037,9.27901,0,1.33853e-08,-6.22944,-4.41206,-7.17703,-10.5172,-14.9773,-14.7016,-0.323588,-4.65737,0.552778,-76.2755,-6.77252e-07,33.797
31,Club Anchor / SUSTAIN,ROUND,SUSTAIN,1,1,0.922571,0.114984,8.78581,0.00833333,4.15922e-08,-5.85075,-4.1513,-6.91796,-9.73973,-14.0697,-13.9998,0.0770767,-4.12009,1.16944,-75.3605,-4.56499e-07,33.7451
32,Deep Concrete / SUSTAIN,ROUND,SUSTAIN,1,1,0.922571,0.110078,9.15132,0.00208333,3.85892e-08,-6.12759,-4.37127,-7.09705,-10.2571,-14.7318,-14.66,-0.176149,-4.47662,0.736111,-75.8284,5.50041e-07,33.7831
33,Round Hammer / SUSTAIN,ROUND,SUSTAIN,1,1,0.915183,0.105642,9.49111,0,3.59472e-08,-6.95017,-4.73,-7.20628,-10.9288,-15.0446,-15.262,-0.849536,-5.05688,0.447222,-75.507,-1.32758e-07,33.7986
34,Dark Pulse / SUSTAIN,ROUND,SUSTAIN,1,1,0.922571,0.114619,8.8552,0.00625,-9.95563e-08,-6.07367,-4.22405,-6.8008,-9.9048,-14.1701,-14.732,0.123418,-3.88832,0.880556,-74.726,-1.88481e-06,33.6404
35,Tight Basement / SUSTAIN,ROUND,SUSTAIN,1,1,0.921081,0.113498,8.99753,0,3.12777e-09,-6.6558,-4.43097,-6.91851,-10.0807,-14.0671,-15.4073,-0.202677,-4.25937,0.686111,-73.9179,-6.94264e-07,33.6895
36,Sub Foundation / SUSTAIN,ROUND,SUSTAIN,1,1,0.922571,0.112277,8.99124,0.0125,-1.18465e-08,-6.1407,-4.3077,-6.86879,-10.0795,-14.4641,-15.0846,-0.078954,-4.40952,0.991667,-80.6091,5.81826e-07,37.0696
37,Warm Reactor / SUSTAIN,ROUND,SUSTAIN,1,1,0.922571,0.114894,8.86009,0.01875,-1.23066e-07,-6.06262,-4.24624,-6.82382,-9.94661,-14.0709,-14.9736,0.119703,-3.87724,1.04444,-74.3217,-1.28704e-06,33.7646
38,Black Drum / SUSTAIN,ROUND,SUSTAIN,1,1,0.921685,0.115091,8.89036,0,-8.55456e-08,-6.45596,-4.54839,-6.63815,-9.95038,-13.9817,-15.5266,-0.0129572,-4.02561,0.722222,-73.7984,-2.27757e-06,33.7234
39,Sub Vault / SUSTAIN,ROUND,SUSTAIN,1,1,0.922571,0.118258,8.64988,0.01875,1.17626e-08,-6.17317,-4.29036,-6.59106,-9.61536,-13.5961,-15.0634,0.182077,-3.64548,1.05,-73.6834,2.83413e-06,33.7584
40,Clean Weight / MUTANT,ROUND,MUTANT,1,1,0.919234,0.102588,9.58696,0,1.52363e-09,-6.26526,-4.48172,-7.34496,-11.0352,-15.8839,-14.5391,-0.929474,-5.68208,0.561111,-89.9059,3.99112e-07,40.7194
41,Club Anchor / MUTANT,ROUND,MUTANT,1,1,0.921805,0.107866,9.18867,0,-1.17715e-08,-5.94253,-4.29061,-7.21458,-10.1842,-15.2331,-13.9253,-0.532047,-5.14933,0.858333,-89.5616,2.15484e-07,40.8938
42,Deep Concrete / MUTANT,ROUND,MUTANT,1,1,0.921661,0.104057,9.48729,0,-1.18242e-08,-6.16986,-4.42977,-7.24518,-10.7969,-15.7808,-14.5783,-0.728332,-5.44562,0.572222,-90.6873,-1.70947e-07,41.4539
43,Round Hammer / MUTANT,ROUND,MUTANT,1,1,0.913712,0.0970182,9.96812,0,6.54533e-09,-6.89433,-4.90758,-7.30205,-11.6856,-16.8335,-15.2659,-1.36225,-6.6864,0.372222,-101.763,2.62209e-08,47.3499
44,Dark Pulse / MUTANT,ROUND,MUTANT,1,1,0.922571,0.109187,9.13818,0.00208333,9.24101e-09,-6.10055,-4.39515,-6.9985,-10.2375,-14.8256,-14.5169,-0.375436,-4.88285,0.680556,-86.0498,-1.98975e-07,39.4918
45,Tight Basement / MUTANT,ROUND,MUTANT,1,1,0.91878,0.103111,9.54568,0,-3.25549e-09,-6.75716,-4.55185,-7.12693,-10.9125,-15.7912,-15.3858,-0.972274,-5.79046,0.55,-97.2729,-5.97645e-08,45.7592
46,Sub Foundation / MUTANT,ROUND,MUTANT,1,1,0.922571,0.101122,9.64043,0.00416667,1.79032e-09,-6.23887,-4.42876,-7.0495,-11.1045,-16.7527,-15.2096,-0.972171,-6.45772,0.763889,-116.109,-4.34442e-09,55.6841
47,Warm Reactor / MUTANT,ROUND,MUTANT,1,1,0.922571,0.104515,9.41959,0.00833333,-1.36999e-08,-6.14632,-4.39226,-7.07726,-10.706,-15.8073,-14.8689,-0.741514,-5.79155,0.805556,-102.02,5.38532e-10,48.0806
48,Black Drum / MUTANT,ROUND,MUTANT,1,1,0.920049,0.110924,9.10699,0,1.99612e-08,-6.57549,-4.69365,-6.68281,-10.3111,-14.4822,-15.3829,-0.413302,-4.51903,0.641667,-78.7062,-4.03524e-07,36.072
49,Sub Vault / MUTANT,ROUND,MUTANT,1,1,0.922571,0.107695,9.19807,0.00416667,-3.09996e-09,-6.29045,-4.37286,-6.83796,-10.3396,-15.2666,-15.1647,-0.291936,-5.2047,0.730556,-96.6749,-3.66058e-08,45.4883
50,Clean Attack,PUNCH,CORE,1,1,0.922571,0.0671,13.0652,0.0416667,-1.36419e-07,-6.03495,-5.21697,-11.0483,-22.9777,-39.7962,-19.59,-10.5338,-28.3108,0.580556,-300,-1.51821e-23,100.304
51,Pressure Point,PUNCH,CORE,1,1,0.922571,0.0660963,13.1962,0.0270833,-5.68706e-08,-5.86198,-5.64474,-11.0428,-22.5224,-36.6998,-19.8777,-9.445,-24.6478,0.536111,-300,1.74525e-20,127.508
52,Warehouse Knock,PUNCH,CORE,1,1,0.922571,0.0688104,12.8468,0.0604167,-2.39602e-07,-5.77145,-5.01422,-10.9781,-22.0745,-35.8036,-18.7176,-9.01328,-23.95,1.09167,-300,8.6364e-20,132.277
53,Fast Driver,PUNCH,CORE,1,1,0.922571,0.0705613,12.6284,0.0645833,-2.5784e-07,-5.83243,-5.01029,-10.2322,-21.1729,-36.0744,-18.8189,-9.40657,-25.1153,1.08056,-300,-8.27927e-22,120.181
54,Techno Nail,PUNCH,CORE,1,1,0.922571,0.0696772,12.738,0.0333333,-8.47095e-08,-5.85,-5.40387,-10.0583,-20.8637,-35.2328,-19.2662,-8.69815,-23.4979,0.658333,-300,4.14505e-20,128.964
55,Needle Punch,PUNCH,CORE,1,1,0.922571,0.0703546,12.6549,0.025,-4.73419e-08,-5.98576,-5.43605,-9.97537,-19.5273,-31.1566,-19.0169,-8.06879,-20.4835,0.563889,-293.072,7.58783e-18,149.72
56,Front Row,PUNCH,CORE,1,1,0.922571,0.0659606,13.215,0.00625,-9.29345e-09,-6.00517,-5.78915,-11.1807,-20.6104,-32.3023,-19.5845,-8.12094,-20.5176,0.458333,-287.95,-2.05745e-17,145.722
57,Steel Toe,PUNCH,CORE,1,1,0.922571,0.071403,12.5263,0.06875,-3.08472e-07,-5.70103,-5.05684,-10.1958,-19.9489,-32.0716,-18.2991,-8.29003,-21.1419,1.08611,-290.69,3.13044e-17,147.68
58,Impact Driver,PUNCH,CORE,1,1,0.922571,0.0667188,13.1148,0.00416667,-8.86484e-09,-6.13553,-5.75282,-10.45,-21.7582,-36.606,-20.2857,-9.40496,-25.2557,0.505556,-300,3.01977e-22,115.047
59,Concrete Punch,PUNCH,CORE,1,1,0.922571,0.0724758,12.3965,0.0645833,-2.69562e-07,-5.62586,-5.13809,-9.7393,-19.6793,-31.5468,-18.3468,-8.08691,-21.0179,1.16389,-300,-3.4195e-18,151.036
60,Clean Attack / TIGHT,PUNCH,TIGHT,1,1,0.922571,0.0619588,13.7576,0.0166667,-3.41933e-08,-6.01256,-5.90297,-12.2383,-26.1472,-46.2911,-21.2435,-12.3626,-33.2543,0.491667,-300,-2.51757e-28,55.503
61,Pressure Point / TIGHT,PUNCH,TIGHT,1,1,0.91844,0.0595691,14.0602,0,-2.28643e-09,-6.06524,-6.25634,-12.9407,-26.5677,-45.1485,-22.0234,-11.5935,-31.4598,0.405556,-300,-4.38573e-27,70.9125
62,Warehouse Knock / TIGHT,PUNCH,TIGHT,1,1,0.922571,0.063853,13.496,0.0375,-1.27689e-07,-5.8662,-5.38601,-12.4256,-25.884,-43.9395,-20.3631,-11.4331,-30.6894,0.841667,-300,-7.91428e-26,78.1904
63,Fast Driver / TIGHT,PUNCH,TIGHT,1,1,0.922571,0.0641349,13.4578,0.0354167,-8.55682e-08,-5.83678,-5.67041,-11.6673,-25.6726,-44.9409,-20.6861,-12.1836,-32.7001,0.533333,-300,2.22739e-27,62.2423
64,Techno Nail / TIGHT,PUNCH,TIGHT,1,1,0.920466,0.0631113,13.5777,0,3.8946e-09,-6.04067,-5.91651,-11.6029,-25.0876,-43.1441,-21.0946,-11.3025,-30.2129,0.463889,-300,-1.90198e-26,73.8748
65,Needle Punch / TIGHT,PUNCH,TIGHT,1,1,0.919514,0.0633308,13.5386,0,-1.15015e-09,-6.18441,-5.92656,-11.6135,-22.8984,-38.1603,-20.839,-10.2706,-26.1099,0.411111,-300,-2.3973e-22,109.661
66,Front Row / TIGHT,PUNCH,TIGHT,1,1,0.903375,0.0593521,13.9484,0,-3.37227e-09,-6.2186,-6.44983,-12.7983,-24.0064,-38.9958,-21.4924,-9.95324,-25.8028,0.369444,-300,1.07985e-21,112.745
67,Steel Toe / TIGHT,PUNCH,TIGHT,1,1,0.922571,0.0657777,13.2381,0.0458333,-1.43776e-07,-5.75973,-5.54373,-11.4016,-23.083,-38.6226,-19.8352,-10.2489,-26.8681,0.744444,-300,-3.39691e-22,111.352
68,Impact Driver / TIGHT,PUNCH,TIGHT,1,1,0.912112,0.0591544,14.0608,0,-4.31159e-09,-6.37981,-6.44986,-12.4292,-26.0947,-45.473,-22.5056,-11.9084,-31.8464,0.366667,-300,-1.76295e-28,55.8972
69,Concrete Punch / TIGHT,PUNCH,TIGHT,1,1,0.922571,0.0662415,13.1771,0.0354167,-1.09977e-07,-5.74184,-5.5296,-11.1665,-23.2665,-39.3746,-20.0585,-10.0873,-26.9541,0.680556,-300,-3.6939e-23,102.61
70,Clean Attack / HEAVY,PUNCH,HEAVY,1,1,0.922571,0.0705781,12.6264,0.0625,-2.56218e-07,-5.95039,-4.894,-10.3268,-21.1989,-35.4925,-18.5669,-9.34523,-24.554,0.95,-300,-4.65449e-21,128.562
71,Pressure Point / HEAVY,PUNCH,HEAVY,1,1,0.922571,0.0699654,12.7027,0.0520833,-1.70127e-07,-5.75036,-5.35067,-10.2216,-20.3682,-33.122,-18.8552,-8.27632,-22.1172,0.738889,-300,-3.53665e-18,151.45
72,Warehouse Knock / HEAVY,PUNCH,HEAVY,1,1,0.922571,0.0711572,12.5561,0.0708333,-3.12303e-07,-5.77897,-4.87462,-10.4368,-20.4247,-32.5379,-18.1016,-8.03843,-21.545,1.15556,-293.269,-1.95033e-17,148.709
73,Fast Driver / HEAVY,PUNCH,HEAVY,1,1,0.922571,0.0737405,12.2461,0.0854167,-3.86753e-07,-5.84453,-4.79741,-9.62783,-19.3006,-32.3688,-18.0678,-8.18774,-22.2865,1.25278,-300,3.0879e-18,146.136
74,Techno Nail / HEAVY,PUNCH,HEAVY,1,1,0.922571,0.0731612,12.3149,0.0541667,-1.90999e-07,-5.76906,-5.20038,-9.40724,-19.1355,-31.1656,-18.5018,-7.59648,-20.5538,0.938889,-299.697,8.81735e-18,153.227
75,Needle Punch / HEAVY,PUNCH,HEAVY,1,1,0.922571,0.0738525,12.2353,0.0458333,-1.45704e-07,-5.90116,-5.20065,-9.36117,-18.3028,-28.3645,-18.3175,-7.21463,-18.5529,0.741667,-260.103,-2.76429e-16,131.968
76,Front Row / HEAVY,PUNCH,HEAVY,1,1,0.922571,0.0695094,12.761,0.03125,-7.17209e-08,-5.895,-5.44543,-10.4674,-19.4519,-30.1579,-18.7502,-7.59923,-18.9918,0.580556,-261.921,6.38583e-16,132.396
77,Steel Toe / HEAVY,PUNCH,HEAVY,1,1,0.922571,0.0738276,12.2374,0.0833333,-4.03349e-07,-5.67418,-4.96448,-9.66402,-18.8223,-29.626,-17.816,-7.52571,-19.2232,1.26111,-261.396,1.20863e-15,132.316
78,Impact Driver / HEAVY,PUNCH,HEAVY,1,1,0.922571,0.0712831,12.5404,0.0541667,-1.74803e-07,-5.93354,-5.3854,-9.60079,-19.8256,-32.6213,-19.1091,-8.2849,-21.8588,0.669444,-300,-1.43905e-19,141.645
79,Concrete Punch / HEAVY,PUNCH,HEAVY,1,1,0.922571,0.0752264,12.0749,0.0833333,-3.79784e-07,-5.62463,-5.01933,-9.30782,-18.0659,-28.7288,-17.816,-7.13247,-18.4784,1.25,-260.402,-7.4706e-16,132.432
80,Clean Attack / SUSTAIN,PUNCH,SUSTAIN,1,1,0.922571,0.0696795,12.7384,0.0333333,-9.14327e-08,-6.19139,-5.32144,-10.2373,-19.6441,-31.8343,-19.0075,-8.24611,-21.5056,0.563889,-300,-1.04475e-19,151.954
81,Pressure Point / SUSTAIN,PUNCH,SUSTAIN,1,1,0.922571,0.0681999,12.9261,0.0104167,-1.55844e-08,-6.068,-5.69346,-10.5162,-19.5478,-30.3225,-19.5292,-7.50007,-19.2016,0.505556,-261.963,-6.13297e-16,132.214
82,Warehouse Knock / SUSTAIN,PUNCH,SUSTAIN,1,1,0.922571,0.0709975,12.577,0.0541667,-1.87361e-07,-5.8362,-5.06209,-10.4421,-19.4626,-30.2246,-18.3784,-7.50018,-19.1165,0.972222,-261.863,4.85619e-16,132.273
83,Fast Driver / SUSTAIN,PUNCH,SUSTAIN,1,1,0.922571,0.0736562,12.2577,0.0583333,-2.24761e-07,-5.94262,-5.10858,-9.54699,-18.1306,-29.2359,-18.3162,-7.52612,-19.3044,0.85,-271.377,-2.06865e-16,138.224
84,Techno Nail / SUSTAIN,PUNCH,SUSTAIN,1,1,0.922571,0.0724449,12.4024,0.01875,-2.4557e-08,-6.01754,-5.46772,-9.47772,-18.2919,-28.6936,-18.7837,-7.10182,-18.0565,0.566667,-260.447,-4.06522e-16,132.307
85,Needle Punch / SUSTAIN,PUNCH,SUSTAIN,1,1,0.922451,0.0697276,12.7333,0,-2.81838e-09,-6.24381,-5.67668,-10.0347,-18.686,-28.8267,-19.2098,-7.71934,-18.673,0.494444,-260.583,-6.6629e-16,132.353
86,Front Row / SUSTAIN,PUNCH,SUSTAIN,1,1,0.91745,0.0645169,13.3601,0,-8.58398e-09,-6.25953,-6.1799,-11.2716,-20.0097,-30.4352,-20.0196,-7.56302,-19.0325,0.397222,-262.053,-4.17771e-16,132.006
87,Steel Toe / SUSTAIN,PUNCH,SUSTAIN,1,1,0.922571,0.0713191,12.5377,0.0520833,-2.04146e-07,-5.81283,-5.25353,-10.1294,-19.0467,-29.8976,-18.5155,-7.65466,-19.337,0.847222,-261.53,1.10999e-15,132.022
88,Impact Driver / SUSTAIN,PUNCH,SUSTAIN,1,1,0.920875,0.0692829,12.7731,0,3.43337e-09,-6.37728,-5.88522,-9.85819,-18.5798,-29.4359,-19.7974,-7.59702,-19.0957,0.5,-280.424,1.27782e-16,143.104
89,Concrete Punch / SUSTAIN,PUNCH,SUSTAIN,1,1,0.922571,0.073166,12.3163,0.05,-1.88587e-07,-5.75891,-5.23096,-9.61552,-18.5258,-28.6699,-18.4378,-7.20143,-18.2653,0.866667,-260.398,1.30387e-15,132.109
90,Clean Attack / MUTANT,PUNCH,MUTANT,1,1,0.922571,0.0629636,13.6179,0.01875,-4.53269e-08,-6.21734,-5.66201,-12.0638,-24.5595,-42.5163,-20.7944,-11.4878,-30.1916,0.497222,-300,-3.70706e-26,83.6982
91,Pressure Point / MUTANT,PUNCH,MUTANT,1,1,0.922422,0.0619533,13.757,0,1.59653e-09,-6.06379,-6.14508,-12.0278,-23.5197,-38.7437,-21.0524,-10.0461,-26.4002,0.427778,-300,1.31584e-21,113.209
92,Warehouse Knock / MUTANT,PUNCH,MUTANT,1,1,0.922571,0.0658767,13.2251,0.0479167,-1.63096e-07,-5.87851,-5.30897,-11.7317,-22.8776,-37.897,-19.5226,-9.89253,-25.8826,0.880556,-300,-2.54565e-21,118.549
93,Fast Driver / MUTANT,PUNCH,MUTANT,1,1,0.922571,0.0670035,13.0777,0.0479167,-1.59066e-07,-5.9518,-5.33422,-11.0405,-22.4665,-38.4802,-19.7697,-10.2855,-27.032,0.602778,-300,-4.26182e-23,105.82
94,Techno Nail / MUTANT,PUNCH,MUTANT,1,1,0.922571,0.065947,13.2158,0.0104167,-1.42491e-08,-5.98358,-5.70989,-10.9331,-22.2213,-37.2911,-20.2006,-9.57133,-25.2149,0.505556,-300,1.29475e-21,115.251
95,Needle Punch / MUTANT,PUNCH,MUTANT,1,1,0.922571,0.0660943,13.197,0.00208333,-5.17441e-09,-6.21652,-5.86467,-10.7599,-20.6846,-33.0159,-20.012,-8.75519,-22.0632,0.433333,-300,2.31141e-18,144.838
96,Front Row / MUTANT,PUNCH,MUTANT,1,1,0.921025,0.0623923,13.683,0,1.14625e-09,-6.18539,-6.11072,-12.1092,-21.6696,-34.2637,-20.5323,-8.80204,-21.9448,0.369444,-300,-1.32608e-18,146.692
97,Steel Toe / MUTANT,PUNCH,MUTANT,1,1,0.922571,0.0680775,12.9401,0.0541667,-1.91538e-07,-5.84111,-5.28793,-10.988,-21.0969,-33.6735,-19.214,-8.8563,-22.4703,0.844444,-300,-1.5583e-18,145.646
98,Impact Driver / MUTANT,PUNCH,MUTANT,1,1,0.917784,0.0628911,13.5827,0,4.23527e-09,-6.27645,-6.10067,-11.3984,-23.1923,-39.1855,-21.2844,-10.1343,-27.1116,0.447222,-300,-1.15646e-23,100.061
99,Concrete Punch / MUTANT,PUNCH,MUTANT,1,1,0.922571,0.0689064,12.8348,0.0458333,-1.70928e-07,-5.74408,-5.43522,-10.5127,-20.6291,-33.7644,-19.2065,-8.76703,-22.9128,0.805556,-300,-1.62879e-19,138.844
100,Hard Clean,HARD,CORE,1,1,0.922072,0.0792647,12.1068,0,2.2095e-09,-8.18809,-7.71879,-10.3128,-14.387,-15.9313,-19.6643,-1.53688,-5.77344,0.25,-151.146,-2.27907e-11,80.4771
101,Peak Control,HARD,CORE,1,1,0.922571,0.0772773,12.1024,0.00208333,-9.49019e-09,-8.18561,-7.76423,-10.7694,-13.5557,-16.2299,-20.1137,-2.25322,-6.4216,0.238889,-178.557,2.06068e-12,94.9508
102,Flat Top,HARD,CORE,1,1,0.922571,0.0788763,12.4277,0.00416667,-5.44165e-09,-8.04397,-7.83524,-10.6305,-14.8164,-16.6005,-19.1852,-1.74762,-6.42623,0.438889,-135.427,2.30773e-11,72.4036
103,Redline,HARD,CORE,1,1,0.922571,0.0836777,11.5569,0.00833333,-2.06741e-08,-7.97676,-7.69132,-10.1987,-13.3106,-14.8348,-20.2138,-2.04231,-5.95532,0.475,-173.86,1.27744e-12,93.9362
104,Block Maker,HARD,CORE,1,1,0.922571,0.0798056,12.2773,0.00416667,-4.74338e-09,-7.88434,-8.16167,-10.8845,-14.4293,-15.8137,-18.8569,-2.5818,-6.93862,0.258333,-136.135,3.8661e-11,72.3043
105,Crushed Rail,HARD,CORE,1,1,0.922002,0.0816456,12.2622,0,7.55317e-09,-7.87237,-7.75598,-10.3871,-14.7264,-16.3905,-19.1504,-1.6189,-5.77864,0.552778,-138.299,-3.13255e-10,75.3817
106,Clipped Concrete,HARD,CORE,1,1,0.922571,0.0742831,12.5017,0.00625,-8.36166e-09,-7.8684,-8.00414,-10.9164,-14.6563,-16.7261,-18.7968,-2.50274,-7.60467,0.388889,-178.037,-6.10673e-12,95.1589
107,Hammer Hall,HARD,CORE,1,1,0.922571,0.0790774,12.1638,0.00833333,-2.0383e-08,-8.05773,-7.96757,-10.6534,-14.3119,-15.7297,-19.2721,-2.10983,-6.78829,0.269444,-158.948,1.64174e-11,85.1806
108,Main Room Block,HARD,CORE,1,1,0.922315,0.083576,12.0927,0,7.71319e-09,-8.1058,-7.65132,-10.3774,-14.5611,-15.7498,-19.5952,-1.55695,-5.56128,0.483333,-133.619,-5.77358e-10,72.3167
109,Guillotine,HARD,CORE,1,1,0.92227,0.0834805,12.1227,0,-4.56204e-09,-7.88512,-8.00235,-10.8653,-14.3492,-15.4181,-19.0927,-2.17983,-6.08236,0.313889,-133.752,1.2615e-10,72.2737
110,Hard Clean / TIGHT,HARD,TIGHT,1,1,0.922571,0.0728681,12.458,0.00208333,2.06069e-09,-8.19938,-7.75791,-10.4645,-14.2189,-17.6501,-19.7766,-2.34659,-8.17349,0.233333,-211.082,-1.87789e-13,111.942
111,Peak Control / TIGHT,HARD,TIGHT,1,1,0.922571,0.0730221,12.3999,0.00625,-7.24547e-09,-8.22288,-7.81719,-10.8939,-13.3556,-17.9177,-20.5187,-2.61742,-8.50607,0.236111,-231.271,9.52278e-16,123.15
112,Flat Top / TIGHT,HARD,TIGHT,1,1,0.922571,0.0749595,12.3858,0.00625,-1.0235e-08,-8.04218,-7.85618,-10.6769,-14.5149,-16.6226,-19.2788,-2.27351,-7.6015,0.397222,-178.941,2.95063e-13,95.2284
113,Redline / TIGHT,HARD,TIGHT,1,1,0.922571,0.0775965,11.9025,0.0104167,-4.50967e-08,-7.98604,-7.74266,-10.3147,-13.1002,-16.4435,-20.5265,-2.55144,-7.92919,0.338889,-229.041,-3.06396e-15,122.878
114,Block Maker / TIGHT,HARD,TIGHT,1,1,0.922571,0.0747872,12.3604,0.00833333,-1.77239e-08,-7.88637,-8.19482,-11.0196,-14.0594,-16.3744,-19.1958,-3.1695,-8.16053,0.202778,-181.26,1.21387e-12,96.2403
115,Crushed Rail / TIGHT,HARD,TIGHT,1,1,0.922571,0.077063,12.1435,0.00416667,-2.54649e-09,-7.9154,-7.74898,-10.4161,-14.2583,-16.2055,-19.2565,-2.15119,-6.79768,0.525,-193.607,-7.99674e-13,104.45
116,Clipped Concrete / TIGHT,HARD,TIGHT,1,1,0.922571,0.0708605,12.6734,0.0104167,-3.94975e-08,-7.87961,-8.02312,-11.0258,-14.2849,-17.9409,-19.0735,-3.14374,-9.62276,0.316667,-230.758,-7.53567e-15,123.212
117,Hammer Hall / TIGHT,HARD,TIGHT,1,1,0.922571,0.0724685,12.4991,0.0125,-3.09814e-08,-8.06719,-8.05089,-10.821,-14.0817,-17.2992,-19.5831,-2.9395,-9.18749,0.202778,-222.304,-7.78808e-14,118.731
118,Main Room Block / TIGHT,HARD,TIGHT,1,1,0.922571,0.0801983,11.973,0.00416667,-2.93944e-09,-8.1017,-7.67854,-10.3892,-14.2049,-15.505,-19.6489,-1.97895,-6.30134,0.402778,-168.037,6.76152e-12,90.5035
119,Guillotine / TIGHT,HARD,TIGHT,1,1,0.922571,0.0796938,12.004,0.00625,-6.11092e-09,-7.94284,-8.04161,-10.9659,-13.7442,-15.3216,-19.3057,-2.59034,-6.72221,0.219444,-170.319,-2.02285e-11,91.6918
120,Hard Clean / HEAVY,HARD,HEAVY,1,1,0.922154,0.0822013,12.0862,0,2.11704e-09,-8.13359,-7.6533,-10.2814,-14.4467,-15.9073,-19.6585,-1.32451,-5.32936,0.408333,-135.096,-8.55362e-10,72.3887
121,Peak Control / HEAVY,HARD,HEAVY,1,1,0.92196,0.0798545,12.0992,0,-4.15895e-10,-8.09568,-7.69516,-10.6878,-14.0502,-15.9123,-19.9314,-1.96237,-5.76116,0.372222,-150.286,-1.00098e-10,80.438
122,Flat Top / HEAVY,HARD,HEAVY,1,1,0.922571,0.079008,12.4567,0.00416667,-3.65116e-09,-8.01564,-7.79909,-10.5834,-15.0091,-16.6702,-19.2113,-1.74165,-6.45034,0.502778,-134.809,-1.23914e-09,72.3119
123,Redline / HEAVY,HARD,HEAVY,1,1,0.922571,0.0884077,11.4971,0.00625,-1.01799e-08,-7.87789,-7.6659,-10.119,-13.4904,-14.5788,-20.123,-1.8982,-5.2067,0.597222,-145.772,-1.6368e-11,79.458
124,Block Maker / HEAVY,HARD,HEAVY,1,1,0.922571,0.0803834,12.3283,0.00625,-8.6077e-09,-7.79931,-8.05689,-10.8191,-14.7483,-15.9511,-18.7046,-2.43872,-6.78838,0.375,-134.921,2.37e-09,72.5091
125,Crushed Rail / HEAVY,HARD,HEAVY,1,1,0.92236,0.0803689,12.4781,0,3.57547e-09,-7.80904,-7.87182,-10.4228,-15.0557,-16.9948,-19.1714,-1.36496,-5.75984,0.552778,-133.096,2.81791e-10,72.305
126,Clipped Concrete / HEAVY,HARD,HEAVY,1,1,0.922571,0.0774565,12.4877,0.00625,-1.38746e-08,-7.81937,-7.94748,-10.8415,-15.0345,-16.475,-18.8481,-2.0111,-6.86075,0.45,-149.223,-1.70741e-10,80.2693
127,Hammer Hall / HEAVY,HARD,HEAVY,1,1,0.922571,0.083359,12.1578,0.00625,-8.11297e-09,-8.01248,-7.87263,-10.5762,-14.5867,-15.6498,-19.2078,-1.81188,-6.12258,0.419444,-133.668,-5.02528e-10,72.5656
128,Main Room Block / HEAVY,HARD,HEAVY,1,1,0.922263,0.0830333,12.2025,0,-5.32823e-09,-8.05707,-7.63526,-10.4906,-14.477,-16.2362,-19.5671,-1.58381,-5.69144,0.522222,-133.198,-6.6756e-10,72.4813
129,Guillotine / HEAVY,HARD,HEAVY,1,1,0.921693,0.0823712,12.291,0,-3.14405e-09,-7.81856,-7.95741,-10.8311,-14.5189,-16.0934,-19.0851,-1.96379,-6.16847,0.433333,-133.396,-9.65184e-10,72.5746
130,Hard Clean / SUSTAIN,HARD,SUSTAIN,1,1,0.922571,0.0837382,11.8622,0.00208333,1.02191e-08,-8.22609,-7.72411,-10.3525,-14.0281,-15.1485,-19.8746,-1.87286,-5.5001,0.258333,-135.689,-2.22885e-10,72.338
131,Peak Control / SUSTAIN,HARD,SUSTAIN,1,1,0.922571,0.0871351,11.5413,0.00416667,-1.26319e-08,-8.276,-7.79408,-10.4982,-12.9572,-14.67,-20.6742,-2.15004,-4.93982,0.241667,-135.15,-1.17366e-09,72.3392
132,Flat Top / SUSTAIN,HARD,SUSTAIN,1,1,0.922571,0.0809994,12.2136,0.00625,-8.89451e-09,-8.10986,-7.79648,-10.6192,-14.528,-15.9096,-19.5485,-2.01723,-6.40001,0.433333,-135.099,-9.14179e-10,72.3288
133,Redline / SUSTAIN,HARD,SUSTAIN,1,1,0.922571,0.0950356,11.0203,0.0104167,-2.91052e-08,-8.00561,-7.72393,-10.1758,-12.6448,-13.4797,-20.527,-2.4831,-5.15356,0.466667,-132.748,-1.71329e-09,72.3957
134,Block Maker / SUSTAIN,HARD,SUSTAIN,1,1,0.922571,0.082888,11.9704,0.00833333,-2.01663e-08,-7.93244,-8.06888,-10.9935,-13.8347,-15.0782,-19.4709,-2.85943,-6.45939,0.247222,-135.731,-9.73955e-10,72.3102
135,Crushed Rail / SUSTAIN,HARD,SUSTAIN,1,1,0.922571,0.0848993,12.0472,0.00208333,-5.33572e-11,-7.91248,-7.75358,-10.3884,-14.3114,-15.7529,-19.4128,-1.95541,-5.60124,0.561111,-132.723,-2.9034e-10,72.3967
136,Clipped Concrete / SUSTAIN,HARD,SUSTAIN,1,1,0.922571,0.0822649,12.1812,0.00625,-2.11615e-08,-7.934,-7.98664,-10.9473,-14.291,-15.6071,-19.2837,-2.33052,-6.61516,0.375,-134.539,3.17203e-10,72.2823
137,Hammer Hall / SUSTAIN,HARD,SUSTAIN,1,1,0.922571,0.0848528,11.8575,0.0125,-3.55293e-08,-8.17508,-7.93158,-10.7294,-13.9033,-14.7982,-19.737,-2.34364,-6.35253,0.216667,-134.884,1.62937e-09,72.454
138,Main Room Block / SUSTAIN,HARD,SUSTAIN,1,1,0.922571,0.086506,11.8358,0.00208333,-1.29423e-09,-8.11937,-7.64806,-10.3701,-14.0134,-15.1487,-19.9468,-1.96326,-5.43211,0.452778,-133.261,-1.05614e-09,72.3606
139,Guillotine / SUSTAIN,HARD,SUSTAIN,1,1,0.922571,0.0872273,11.7329,0.00416667,5.5903e-09,-7.97752,-8.02022,-10.8978,-13.4222,-14.6386,-19.5232,-2.56557,-5.73114,0.291667,-133.519,-6.1887e-10,72.2409
140,Hard Clean / MUTANT,HARD,MUTANT,1,1,0.922571,0.0784583,12.0812,0.00416667,1.8383e-10,-8.19453,-7.73584,-10.5843,-14.0118,-15.8559,-19.6879,-2.06931,-6.62571,0.244444,-164.109,4.30444e-11,87.3869
141,Peak Control / MUTANT,HARD,MUTANT,1,1,0.922571,0.0770393,12.0554,0.00625,-1.13198e-08,-8.21449,-7.78101,-10.8874,-13.235,-16.2449,-20.3979,-2.45113,-6.70218,0.241667,-193.27,-1.78306e-12,103.047
142,Flat Top / MUTANT,HARD,MUTANT,1,1,0.922571,0.0798817,12.2757,0.00416667,-1.26295e-08,-8.02853,-7.89748,-10.6574,-14.6228,-16.0061,-19.336,-2.03783,-6.55257,0.419444,-140.066,-2.90791e-10,74.9682
143,Redline / MUTANT,HARD,MUTANT,1,1,0.922571,0.0827376,11.5338,0.0104167,-2.93021e-08,-8.06647,-7.65525,-10.3343,-12.9573,-14.9542,-20.2412,-2.65976,-6.55463,0.425,-189.274,-2.05106e-12,102.144
144,Block Maker / MUTANT,HARD,MUTANT,1,1,0.922571,0.08163,12.0869,0.0125,-4.5786e-08,-7.86998,-8.19007,-10.8759,-14.1612,-15.2778,-19.0022,-2.76331,-6.83209,0.283333,-140.931,-3.47268e-10,75.4354
145,Crushed Rail / MUTANT,HARD,MUTANT,1,1,0.922571,0.0817486,12.0809,0.00625,-6.42889e-09,-7.89096,-7.83703,-10.4693,-14.2532,-15.8061,-19.3054,-1.99148,-5.96595,0.519444,-150.725,2.56941e-10,81.8842
146,Clipped Concrete / MUTANT,HARD,MUTANT,1,1,0.922571,0.0745106,12.3882,0.0125,-4.66187e-08,-7.8771,-8.05167,-11.047,-14.2993,-16.3671,-19.0418,-3.12349,-8.00411,0.352778,-192.561,3.41674e-12,103.191
147,Hammer Hall / MUTANT,HARD,MUTANT,1,1,0.922571,0.0786923,12.0631,0.0166667,-5.2346e-08,-8.07536,-8.05792,-10.7615,-13.9584,-15.4538,-19.5677,-2.6299,-7.2526,0.205556,-172.969,-5.89472e-12,92.7366
148,Main Room Block / MUTANT,HARD,MUTANT,1,1,0.922571,0.0861562,11.8909,0.00833333,-1.25691e-08,-8.09298,-7.65597,-10.5997,-14.0474,-15.1483,-19.6575,-1.93823,-5.89208,0.436111,-133.24,-6.73323e-10,72.3628
149,Guillotine / MUTANT,HARD,MUTANT,1,1,0.922571,0.0863098,11.8757,0.00625,-1.54848e-08,-7.94533,-8.06825,-10.921,-13.7832,-14.8204,-19.107,-2.71261,-6.34434,0.269444,-133.491,-2.54485e-10,72.484
150,Industrial Clean,INDUSTRIAL,CORE,1,1,0.915951,0.079398,12.1665,0,3.41767e-10,-8.61483,-9.80402,-8.79199,-13.9835,-17.0826,-20.1577,-1.81044,-6.36195,0.375,-104.969,4.13779e-08,52.4527
151,Reactor Core,INDUSTRIAL,CORE,1,1,0.915512,0.0761259,12.4838,0,4.53647e-09,-8.6652,-9.44709,-8.96979,-14.5653,-18.151,-19.9661,-2.09521,-7.30361,0.319444,-102.53,7.05166e-08,50.6032
152,Black Foundry,INDUSTRIAL,CORE,1,1,0.9153,0.0790819,12.2015,0,2.37982e-09,-8.70707,-10.0078,-8.95242,-13.6374,-17.2666,-20.7888,-0.936187,-5.48435,0.3,-102.034,-2.64358e-08,50.6742
153,Steel Chamber,INDUSTRIAL,CORE,1,1,0.915613,0.0773177,12.3644,0,1.76966e-09,-8.50235,-9.61541,-8.80251,-14.2747,-18.1291,-20.0662,-1.38434,-6.41227,0.3,-102.281,8.19028e-08,50.707
154,Container Impact,INDUSTRIAL,CORE,1,1,0.915989,0.0839845,11.839,0,9.28498e-10,-8.37719,-9.57957,-8.69658,-13.4774,-16.4325,-20.4995,-1.56399,-5.85004,0.422222,-101.444,7.57258e-08,51.4961
155,Factory Floor,INDUSTRIAL,CORE,1,1,0.915884,0.0856627,11.629,0,-1.95815e-09,-8.28955,-9.55576,-8.3624,-12.9922,-16.6194,-20.4993,-0.448311,-4.56125,0.436111,-102.1,-2.77697e-08,52.0534
156,Rust Press,INDUSTRIAL,CORE,1,1,0.917714,0.0826027,11.9592,0,2.57897e-09,-8.31092,-8.8118,-8.27239,-13.9464,-18.0542,-19.2569,-1.71684,-6.87976,0.583333,-99.3735,-6.25931e-08,50.6143
157,Broken Piston,INDUSTRIAL,CORE,1,1,0.92019,0.0836856,11.9019,0,8.47023e-09,-8.75175,-10.3238,-8.89761,-13.0094,-16.1704,-21.6142,-0.490267,-4.54221,0.35,-100.62,6.51745e-08,50.7634
158,Machine Teeth,INDUSTRIAL,CORE,1,1,0.919251,0.0833416,11.9198,0,1.22414e-10,-8.36008,-9.66666,-8.55678,-13.3863,-17.0345,-20.6113,-0.991124,-5.65341,0.416667,-100.084,4.38218e-09,50.6141
159,Underground Unit,INDUSTRIAL,CORE,1,1,0.917574,0.0875393,11.4873,0,1.33587e-09,-8.19614,-9.39869,-8.20612,-12.8299,-16.4277,-19.9647,-0.535221,-4.46147,0.497222,-99.4854,-4.75074e-08,50.6668
160,Industrial Clean / TIGHT,INDUSTRIAL,TIGHT,1,1,0.916178,0.0723811,12.6096,0,2.19313e-09,-8.77718,-10.1054,-9.10978,-14.3754,-18.1525,-20.3791,-2.33848,-7.80342,0.361111,-139.31,7.82506e-10,70.378
161,Reactor Core / TIGHT,INDUSTRIAL,TIGHT,1,1,0.915664,0.0752388,12.5692,0,3.82384e-09,-8.76548,-9.68833,-9.11141,-14.6209,-17.9725,-20.0071,-2.45787,-7.39468,0.316667,-104.93,3.97045e-08,51.8693
162,Black Foundry / TIGHT,INDUSTRIAL,TIGHT,1,1,0.91403,0.0773565,12.348,0,6.79847e-09,-8.80755,-10.2165,-9.1192,-13.8641,-17.3111,-20.8228,-1.22234,-5.77102,0.3,-102.66,-2.6048e-08,50.6366
163,Steel Chamber / TIGHT,INDUSTRIAL,TIGHT,1,1,0.911088,0.0765323,12.3917,0,-2.85579e-09,-8.56839,-9.71331,-8.94167,-14.362,-17.9875,-20.0496,-1.57599,-6.65461,0.308333,-102.69,4.33189e-08,50.6792
164,Container Impact / TIGHT,INDUSTRIAL,TIGHT,1,1,0.916441,0.0766009,12.1992,0,8.42327e-10,-8.4717,-9.77963,-8.99735,-13.7632,-17.2516,-20.7474,-2.02561,-7.07915,0.380556,-136.076,1.08869e-09,69.4112
165,Factory Floor / TIGHT,INDUSTRIAL,TIGHT,1,1,0.916532,0.0785325,11.946,0,4.37807e-09,-8.34461,-9.66686,-8.5584,-13.2813,-17.5259,-20.5608,-0.775311,-5.86424,0.422222,-137.435,-5.05086e-10,70.2916
166,Rust Press / TIGHT,INDUSTRIAL,TIGHT,1,1,0.917671,0.0777178,12.0728,0,-5.80502e-09,-8.34099,-8.88442,-8.37192,-14.0973,-18.2678,-19.2387,-2.05488,-7.63799,0.480556,-135.889,1.05426e-11,69.7058
167,Broken Piston / TIGHT,INDUSTRIAL,TIGHT,1,1,0.9195,0.0766352,12.2733,0,-3.99106e-09,-8.91587,-10.8242,-9.09534,-13.38,-16.8887,-21.622,-1.15797,-5.82994,0.338889,-128.558,-4.06615e-09,65.2474
168,Machine Teeth / TIGHT,INDUSTRIAL,TIGHT,1,1,0.918087,0.079586,12.0155,0,3.48697e-09,-8.37484,-9.63777,-8.71913,-13.5274,-17.1461,-20.6969,-1.25121,-6.20691,0.402778,-120.299,-4.6551e-09,61.3021
169,Underground Unit / TIGHT,INDUSTRIAL,TIGHT,1,1,0.916705,0.0812395,11.7189,0,-2.14477e-10,-8.17522,-9.50782,-8.33638,-13.0776,-17.141,-19.9454,-0.834115,-5.58831,0.488889,-129.752,-6.35706e-10,66.364
170,Industrial Clean / HEAVY,INDUSTRIAL,HEAVY,1,1,0.915765,0.0810966,12.0514,0,1.7232e-09,-8.4728,-9.6447,-8.62164,-13.7751,-17.266,-20.1965,-1.55919,-6.16424,0.386111,-101.101,1.89567e-08,50.6926
171,Reactor Core / HEAVY,INDUSTRIAL,HEAVY,1,1,0.916051,0.0770795,12.406,0,2.32241e-09,-8.50088,-9.26671,-8.88919,-14.3526,-18.4339,-20.0822,-1.7497,-7.21478,0.355556,-102.038,-1.23506e-08,50.8495
172,Black Foundry / HEAVY,INDUSTRIAL,HEAVY,1,1,0.915428,0.0812836,12.0234,0,-5.25814e-09,-8.57363,-9.78927,-8.79036,-13.4373,-17.0861,-20.8093,-0.779941,-5.35187,0.338889,-101.139,1.05198e-07,50.7318
173,Steel Chamber / HEAVY,INDUSTRIAL,HEAVY,1,1,0.916075,0.0783738,12.2724,0,-3.90518e-09,-8.41066,-9.55195,-8.66558,-14.1503,-18.1401,-20.21,-1.14353,-6.34526,0.347222,-101.671,1.03718e-07,50.7206
174,Container Impact / HEAVY,INDUSTRIAL,HEAVY,1,1,0.915801,0.0845877,11.8047,0,7.65353e-11,-8.28412,-9.49735,-8.54298,-13.3653,-16.7932,-20.4126,-1.51369,-5.85831,0.480556,-99.5435,-5.83856e-08,50.8097
175,Factory Floor / HEAVY,INDUSTRIAL,HEAVY,1,1,0.916403,0.0877961,11.5283,0,-9.51078e-10,-8.22171,-9.47645,-8.2858,-12.8574,-16.4601,-20.5953,-0.38454,-4.59321,0.483333,-98.7995,-8.90292e-08,50.7819
176,Rust Press / HEAVY,INDUSTRIAL,HEAVY,1,1,0.918453,0.082141,12.0079,0,5.12681e-09,-8.32129,-8.8431,-8.26082,-13.9694,-18.315,-19.3526,-1.887,-7.17936,0.6,-99.4688,6.66377e-08,50.7621
177,Broken Piston / HEAVY,INDUSTRIAL,HEAVY,1,1,0.920032,0.0828856,11.9441,0,9.49729e-10,-8.55526,-10.1552,-8.66957,-13.1978,-16.7209,-21.1306,-0.639048,-5.04672,0.369444,-100.636,-4.35643e-08,50.7508
178,Machine Teeth / HEAVY,INDUSTRIAL,HEAVY,1,1,0.919287,0.0823122,11.9953,0,1.0991e-08,-8.51216,-9.37494,-8.4594,-13.6036,-17.5299,-20.2893,-1.18215,-6.19855,0.477778,-100.107,8.44564e-09,50.6275
179,Underground Unit / HEAVY,INDUSTRIAL,HEAVY,1,1,0.91786,0.0887846,11.4454,0,-4.07696e-10,-8.19588,-9.32459,-8.14883,-12.782,-16.4085,-20.0124,-0.630422,-4.73952,0.563889,-98.6569,-5.78064e-08,50.6948
180,Industrial Clean / SUSTAIN,INDUSTRIAL,SUSTAIN,1,1,0.915864,0.0813842,12.0578,0,-3.66503e-10,-8.77954,-10.0624,-9.01835,-13.5692,-16.3781,-20.7038,-1.71809,-5.63108,0.341667,-101.273,1.50802e-08,50.7458
181,Reactor Core / SUSTAIN,INDUSTRIAL,SUSTAIN,1,1,0.915314,0.0773114,12.4095,0,-8.40586e-09,-8.67636,-9.65614,-9.191,-14.17,-17.5678,-20.4391,-2.15491,-6.64234,0.308333,-102.11,7.61169e-09,50.7092
182,Black Foundry / SUSTAIN,INDUSTRIAL,SUSTAIN,1,1,0.918367,0.0800255,12.1764,0,9.62144e-09,-8.83823,-10.4062,-8.9774,-13.5898,-16.651,-21.1686,-1.00063,-5.38614,0.297222,-101.822,-1.11189e-09,50.7371
183,Steel Chamber / SUSTAIN,INDUSTRIAL,SUSTAIN,1,1,0.9155,0.0783183,12.2824,0,-8.60353e-09,-8.55419,-9.8503,-8.87152,-14.0517,-17.529,-20.3453,-1.44801,-6.14462,0.316667,-102.009,-3.92486e-08,50.6552
184,Container Impact / SUSTAIN,INDUSTRIAL,SUSTAIN,1,1,0.919331,0.0863244,11.7169,0,5.02241e-10,-8.51506,-9.81838,-8.84699,-13.0939,-15.6996,-21.1166,-1.48725,-5.12169,0.388889,-99.5226,3.22577e-08,50.7086
185,Factory Floor / SUSTAIN,INDUSTRIAL,SUSTAIN,1,1,0.920035,0.0876811,11.5555,0,2.89296e-09,-8.36076,-9.83153,-8.44019,-12.7332,-16.0186,-20.9719,-0.172868,-4.29899,0.408333,-99.2542,-3.6237e-08,50.6264
186,Rust Press / SUSTAIN,INDUSTRIAL,SUSTAIN,1,1,0.917069,0.0841554,11.8585,0,1.93507e-09,-8.34105,-8.91706,-8.32244,-13.7124,-17.4941,-19.4446,-1.81912,-6.70428,0.541667,-99.2654,-4.11471e-08,50.726
187,Broken Piston / SUSTAIN,INDUSTRIAL,SUSTAIN,1,1,0.921852,0.0840091,11.9103,0,7.18537e-09,-8.90431,-10.5649,-8.98461,-13.0176,-15.809,-21.7172,-0.879745,-4.53055,0.341667,-100.597,5.51382e-08,50.7677
188,Machine Teeth / SUSTAIN,INDUSTRIAL,SUSTAIN,1,1,0.920472,0.0838346,11.9005,0,5.27112e-09,-8.42866,-9.76744,-8.59226,-13.4147,-16.6381,-20.6131,-1.34752,-5.73186,0.383333,-100.108,3.20974e-08,50.6235
189,Underground Unit / SUSTAIN,INDUSTRIAL,SUSTAIN,1,1,0.91979,0.0885281,11.4613,0,-2.18366e-09,-8.24939,-9.61467,-8.25014,-12.6942,-16.1077,-20.107,-0.668262,-4.63838,0.466667,-99.2016,-6.34065e-08,50.6634
190,Industrial Clean / MUTANT,INDUSTRIAL,MUTANT,1,1,0.915734,0.0772588,12.2962,0,-2.78909e-09,-8.82486,-9.87428,-9.21305,-13.8374,-17.0469,-20.4354,-2.02393,-6.53543,0.344444,-113.482,-1.2426e-09,56.8266
191,Reactor Core / MUTANT,INDUSTRIAL,MUTANT,1,1,0.915668,0.0764648,12.4876,0,3.69715e-09,-8.87289,-9.56673,-9.19215,-14.3602,-17.7002,-20.0389,-2.55055,-7.20066,0.330556,-102.359,-3.62916e-08,50.6129
192,Black Foundry / MUTANT,INDUSTRIAL,MUTANT,1,1,0.917587,0.0786461,12.2937,0,-3.09937e-09,-8.80911,-10.3101,-9.08531,-13.8101,-16.9026,-20.822,-1.34963,-5.76753,0.319444,-102.184,-5.70497e-08,50.7062
193,Steel Chamber / MUTANT,INDUSTRIAL,MUTANT,1,1,0.915486,0.0774005,12.3607,0,-8.20028e-09,-8.58176,-9.59236,-8.96714,-14.2041,-17.8005,-19.9898,-1.73948,-6.61347,0.313889,-102.327,-1.79462e-08,50.6085
194,Container Impact / MUTANT,INDUSTRIAL,MUTANT,1,1,0.918536,0.0825767,11.8946,0,6.73943e-09,-8.47039,-9.8521,-8.87705,-13.4187,-16.1448,-20.6531,-2.02962,-5.95957,0.397222,-110.161,-2.15123e-08,56.1103
195,Factory Floor / MUTANT,INDUSTRIAL,MUTANT,1,1,0.918873,0.084016,11.6995,0,-3.13543e-09,-8.32227,-9.7054,-8.49736,-13.0108,-16.4537,-20.565,-0.597006,-5.07781,0.438889,-110.837,2.04416e-08,56.5057
196,Rust Press / MUTANT,INDUSTRIAL,MUTANT,1,1,0.917354,0.0819441,11.9703,0,1.51279e-09,-8.32565,-8.79293,-8.39694,-14.0539,-17.6826,-19.2529,-1.96629,-7.06933,0.513889,-104.425,-8.70336e-09,53.1658
197,Broken Piston / MUTANT,INDUSTRIAL,MUTANT,1,1,0.922216,0.0838409,11.9323,0,6.12488e-09,-8.93764,-10.8097,-9.02152,-13.0729,-15.6508,-21.5579,-1.11808,-4.67832,0.352778,-100.604,2.19501e-08,50.6398
198,Machine Teeth / MUTANT,INDUSTRIAL,MUTANT,1,1,0.920663,0.0841124,11.8791,0,1.0126e-09,-8.36857,-9.74176,-8.60142,-13.4308,-16.528,-20.4784,-1.47127,-5.85315,0.4,-100.143,-3.73348e-08,50.7165
199,Underground Unit / MUTANT,INDUSTRIAL,MUTANT,1,1,0.919285,0.0869142,11.5593,0,9.69436e-10,-8.24266,-9.50068,-8.24964,-12.9669,-16.3653,-19.7625,-0.954315,-5.11127,0.452778,-99.8717,1.14212e-07,50.724
200,Rave Foundation,RAVE,CORE,1,1,0.918313,0.0847434,11.0026,0,-8.16749e-10,-7.33208,-5.14876,-7.68408,-13.647,-20.9081,-14.6685,-3.91294,-12.5573,0.591667,-300,0,0
201,Saw Pressure,RAVE,CORE,1,1,0.919667,0.0888968,10.6376,0,-6.10958e-09,-7.13241,-5.08502,-7.69939,-12.8375,-18.425,-14.9128,-3.71166,-10.692,0.661111,-300,0,0
202,Warehouse Rave,RAVE,CORE,1,1,0.922571,0.0931299,10.2206,0.0270833,-5.32537e-08,-6.34448,-4.62703,-7.13755,-12.2555,-19.3503,-14.3259,-3.07328,-10.9071,1.28611,-300,0,0
203,Red Strobe,RAVE,CORE,1,1,0.921519,0.0869946,10.8072,0,9.17689e-09,-7.31656,-5.20003,-7.39594,-13.1954,-20.0402,-14.9895,-3.46336,-11.7972,0.586111,-300,0,0
204,Rave Saw,RAVE,CORE,1,1,0.920654,0.0878754,10.7491,0,6.20666e-09,-7.30869,-5.11831,-7.71657,-12.9655,-18.903,-14.8894,-3.53537,-10.5821,0.536111,-300,0,0
205,Overdrive 1999,RAVE,CORE,1,1,0.914429,0.084472,11.0429,0,7.05114e-09,-8.45977,-6.07702,-7.68971,-13.0931,-18.5432,-15.9307,-3.4711,-10.4888,0.205556,-300,0,0
206,Neon Tunnel,RAVE,CORE,1,1,0.922571,0.0894965,10.5636,0.0104167,-6.15624e-09,-6.72535,-4.94477,-7.27015,-12.7258,-20.4137,-15.1232,-3.15661,-12.1307,0.830556,-300,0,0
207,Acid Hammer,RAVE,CORE,1,1,0.922571,0.09388,10.149,0.0395833,-1.25677e-07,-6.05801,-4.60559,-7.12439,-12.0969,-19.454,-14.5123,-2.87518,-10.9222,1.34444,-300,0,0
208,Alarm State,RAVE,CORE,1,1,0.922277,0.0912564,10.4018,0,-2.72368e-09,-7.5797,-5.36014,-7.05691,-12.1504,-18.2271,-15.6831,-3.22865,-10.4261,0.725,-300,0,0
209,Belgian Basement,RAVE,CORE,1,1,0.922571,0.0939181,10.1604,0.0104167,-8.18878e-09,-6.90625,-5.13255,-6.87019,-12.0775,-17.7506,-15.5027,-2.74409,-9.90618,0.952778,-300,0,0
210,Rave Foundation / TIGHT,RAVE,TIGHT,1,1,0.917389,0.0817346,11.3026,0,2.08448e-09,-7.64218,-5.20596,-7.92585,-13.9656,-23.4765,-15.1568,-4.15299,-15.3609,0.408333,-300,0,0
211,Saw Pressure / TIGHT,RAVE,TIGHT,1,1,0.918368,0.0844278,11.0309,0,6.8327e-10,-7.56046,-5.36441,-7.88788,-13.1442,-20.4443,-15.3812,-4.34274,-13.1651,0.497222,-300,0,0
212,Warehouse Rave / TIGHT,RAVE,TIGHT,1,1,0.922571,0.0896272,10.5508,0.01875,-2.11201e-08,-6.52799,-4.76173,-7.19141,-12.7115,-22.4755,-14.6356,-3.45882,-13.9811,1.04167,-300,0,0
213,Red Strobe / TIGHT,RAVE,TIGHT,1,1,0.920582,0.0835623,11.1407,0,-2.59737e-09,-7.5649,-5.46052,-7.50119,-13.4728,-23.0464,-15.4516,-3.81149,-14.6449,0.538889,-300,0,0
214,Rave Saw / TIGHT,RAVE,TIGHT,1,1,0.918811,0.0838942,11.0911,0,6.63576e-09,-7.62092,-5.28746,-7.91355,-13.3824,-20.6713,-15.2449,-4.03595,-12.6882,0.422222,-300,0,0
215,Overdrive 1999 / TIGHT,RAVE,TIGHT,1,1,0.907271,0.0800907,11.3859,0,-9.19766e-10,-8.80054,-6.28074,-7.89628,-13.5546,-20.3827,-16.4707,-3.96771,-12.2941,0.180556,-300,0,0
216,Neon Tunnel / TIGHT,RAVE,TIGHT,1,1,0.922571,0.0868533,10.8239,0.00416667,-8.3995e-10,-6.97421,-5.15144,-7.36432,-12.9001,-22.6907,-15.3765,-3.59551,-14.3524,0.747222,-300,0,0
217,Acid Hammer / TIGHT,RAVE,TIGHT,1,1,0.922571,0.0913317,10.3872,0.0354167,-9.45478e-08,-6.20291,-4.62605,-7.22978,-12.3866,-21.744,-14.702,-3.29249,-13.6976,1.175,-300,0,0
218,Alarm State / TIGHT,RAVE,TIGHT,1,1,0.92201,0.0865051,10.8535,0,-4.05041e-09,-8.00137,-5.4929,-7.33,-12.508,-21.1719,-16.3057,-3.56375,-13.5975,0.627778,-300,0,0
219,Belgian Basement / TIGHT,RAVE,TIGHT,1,1,0.922571,0.0896961,10.5442,0.00833333,-2.56031e-09,-7.22841,-5.18587,-7.13088,-12.2641,-20.5731,-15.8041,-3.52497,-12.9118,0.830556,-300,0,0
220,Rave Foundation / HEAVY,RAVE,HEAVY,1,1,0.919737,0.0867319,10.8412,0,-2.33164e-09,-7.13128,-5.06111,-7.56261,-13.5138,-19.9379,-14.504,-3.6125,-11.6193,0.686111,-300,0,0
221,Saw Pressure / HEAVY,RAVE,HEAVY,1,1,0.921727,0.0915387,10.4447,0,2.80605e-09,-6.79303,-4.95001,-7.49401,-12.6914,-17.9596,-14.6403,-3.32286,-10.1643,0.938889,-300,0,0
222,Warehouse Rave / HEAVY,RAVE,HEAVY,1,1,0.922571,0.0937899,10.1835,0.025,-5.88161e-08,-6.36562,-4.67281,-7.1074,-12.2881,-18.6615,-14.2742,-2.94849,-10.0625,1.33611,-300,0,0
223,Red Strobe / HEAVY,RAVE,HEAVY,1,1,0.922571,0.0894434,10.6064,0.00208333,9.1533e-10,-7.02235,-5.08148,-7.22916,-12.9946,-19.3369,-14.7599,-3.12862,-10.7256,0.744444,-300,0,0
224,Rave Saw / HEAVY,RAVE,HEAVY,1,1,0.922235,0.0898785,10.5996,0,7.03357e-09,-7.0222,-4.99322,-7.55021,-12.8687,-18.6023,-14.6435,-3.29586,-10.1466,0.744444,-300,0,0
225,Overdrive 1999 / HEAVY,RAVE,HEAVY,1,1,0.917842,0.087497,10.7971,0,1.41157e-09,-7.99597,-5.77611,-7.43425,-12.8609,-18.3088,-15.5297,-3.21508,-10.0709,0.352778,-300,0,0
226,Neon Tunnel / HEAVY,RAVE,HEAVY,1,1,0.922571,0.0912991,10.4008,0.0125,-2.56462e-08,-6.62677,-4.92231,-7.17486,-12.5933,-19.0912,-15.0062,-2.90257,-10.6817,0.941667,-300,0,0
227,Acid Hammer / HEAVY,RAVE,HEAVY,1,1,0.922571,0.0949805,10.0675,0.04375,-1.47016e-07,-6.03206,-4.61218,-7.07977,-12.1525,-18.3725,-14.4482,-2.71032,-9.90967,1.33889,-300,0,0
228,Alarm State / HEAVY,RAVE,HEAVY,1,1,0.922571,0.0943439,10.1573,0.0104167,-1.22448e-08,-7.14988,-5.23815,-6.84451,-12.0461,-17.3794,-15.4309,-2.63661,-9.27941,0.830556,-300,0,0
229,Belgian Basement / HEAVY,RAVE,HEAVY,1,1,0.922571,0.0963047,9.99697,0.0208333,-4.50707e-08,-6.64386,-4.94332,-6.87392,-11.9669,-17.0927,-15.164,-2.64743,-8.95345,1.1,-300,0,0
230,Rave Foundation / SUSTAIN,RAVE,SUSTAIN,1,1,0.915072,0.0859039,10.9179,0,8.66988e-09,-7.71703,-5.354,-7.77174,-13.3438,-19.1083,-14.9974,-3.60923,-10.8058,0.405556,-300,0,0
231,Saw Pressure / SUSTAIN,RAVE,SUSTAIN,1,1,0.917109,0.0890421,10.6476,0,2.33467e-10,-7.66818,-5.46192,-7.71712,-12.6479,-17.5722,-15.2579,-3.85324,-10.2406,0.425,-300,0,0
232,Warehouse Rave / SUSTAIN,RAVE,SUSTAIN,1,1,0.922571,0.0952672,10.0964,0.01875,-3.2864e-08,-6.63159,-4.75788,-7.06469,-12.1814,-17.4965,-14.5848,-2.75063,-9.06551,1.11667,-300,0,0
233,Red Strobe / SUSTAIN,RAVE,SUSTAIN,1,1,0.919358,0.0883463,10.7257,0,-2.946e-09,-7.75612,-5.49355,-7.42311,-12.941,-18.2669,-15.3492,-3.1718,-10.0592,0.447222,-300,0,0
234,Rave Saw / SUSTAIN,RAVE,SUSTAIN,1,1,0.918291,0.0877143,10.778,0,3.43331e-09,-7.72976,-5.33503,-7.68066,-13.1336,-18.0977,-15.3144,-3.41553,-10.0989,0.425,-300,0,0
235,Overdrive 1999 / SUSTAIN,RAVE,SUSTAIN,1,1,0.888548,0.0831752,10.9637,0,-1.55038e-09,-9.10325,-6.5633,-7.85212,-13.1975,-17.8236,-16.5599,-3.49583,-9.92411,0.263889,-300,0,0
236,Neon Tunnel / SUSTAIN,RAVE,SUSTAIN,1,1,0.922571,0.0917145,10.3976,0.00208333,3.42226e-09,-7.08702,-5.15416,-7.2623,-12.3973,-17.9024,-15.3388,-2.98677,-9.73598,0.763889,-300,0,0
237,Acid Hammer / SUSTAIN,RAVE,SUSTAIN,1,1,0.922571,0.0963537,9.99121,0.0333333,-8.22675e-08,-6.32796,-4.74174,-7.08624,-11.9143,-17.3257,-14.7786,-2.57433,-8.9555,1.125,-300,0,0
238,Alarm State / SUSTAIN,RAVE,SUSTAIN,1,1,0.920514,0.0934695,10.2768,0,-3.81235e-10,-8.12939,-5.70217,-7.19966,-11.7888,-16.4468,-16.1273,-3.04121,-8.92735,0.533333,-300,0,0
239,Belgian Basement / SUSTAIN,RAVE,SUSTAIN,1,1,0.922571,0.0963253,10.043,0.00416667,-2.04454e-09,-7.34439,-5.35006,-6.9334,-11.8237,-16.2121,-15.7233,-2.82972,-8.65861,0.794444,-300,0,0
240,Rave Foundation / MUTANT,RAVE,MUTANT,1,1,0.91759,0.0828585,11.187,0,-3.52589e-09,-7.53155,-5.34126,-7.86213,-13.7996,-21.2894,-14.9539,-4.18307,-13.4518,0.352778,-300,0,0
241,Saw Pressure / MUTANT,RAVE,MUTANT,1,1,0.917576,0.0863173,10.8534,0,1.15562e-08,-7.50327,-5.32779,-7.93018,-12.981,-18.7125,-15.3974,-3.99829,-11.4975,0.491667,-300,0,0
242,Warehouse Rave / MUTANT,RAVE,MUTANT,1,1,0.922571,0.0901225,10.503,0.0125,-3.1309e-08,-6.626,-4.65746,-7.47041,-12.5789,-20.4339,-14.5921,-3.33929,-12.4119,1.01111,-300,0,0
243,Red Strobe / MUTANT,RAVE,MUTANT,1,1,0.920351,0.0844362,11.0495,0,-2.4374e-09,-7.65571,-5.36489,-7.66736,-13.3842,-20.6654,-15.3168,-3.86145,-12.897,0.486111,-300,0,0
244,Rave Saw / MUTANT,RAVE,MUTANT,1,1,0.919141,0.0853095,10.9732,0,4.17471e-09,-7.63578,-5.30311,-7.98089,-13.1358,-19.2922,-15.2879,-3.80805,-11.4054,0.405556,-300,0,0
245,Overdrive 1999 / MUTANT,RAVE,MUTANT,1,1,0.913268,0.0826771,11.1964,0,2.10748e-09,-8.61569,-6.21791,-7.93053,-13.1327,-18.7928,-16.3213,-3.6198,-11.0259,0.202778,-300,0,0
246,Neon Tunnel / MUTANT,RAVE,MUTANT,1,1,0.922571,0.0870619,10.8031,0.00416667,-2.93018e-09,-7.02126,-5.01196,-7.51429,-12.9419,-21.5759,-15.2874,-3.72917,-13.6729,0.738889,-300,0,0
247,Acid Hammer / MUTANT,RAVE,MUTANT,1,1,0.922571,0.0915018,10.371,0.03125,-9.68916e-08,-6.27876,-4.6493,-7.29013,-12.4103,-20.5177,-14.7696,-3.11115,-12.3775,1.15,-300,0,0
248,Alarm State / MUTANT,RAVE,MUTANT,1,1,0.921997,0.0890251,10.6064,0,-6.37267e-09,-7.81735,-5.53021,-7.23005,-12.292,-18.8199,-16.0255,-3.54031,-11.4993,0.680556,-300,0,0
249,Belgian Basement / MUTANT,RAVE,MUTANT,1,1,0.922571,0.0913605,10.3882,0.00416667,-8.36891e-09,-7.28068,-5.26174,-7.08759,-12.2073,-18.3724,-15.7819,-3.37554,-11.1006,0.85,-300,0,0
