name,wave,ir,tune,body,punch,length,drive,colour,metal,reverb,reverbDecay,width,sub,impact,space,grit,shape,evolve,destroy,clipper,calibration,family,mode
Clean Weight,0,0,48.509,0.715,0.533,414.83,0.1746,0.1602,0.1054,0.0,400.0,1.0,0.9492,0.6503,0.0,0.0913,0.3853,0.0751,0.1814,0.038,-5.0,ROUND,CORE
Club Anchor,0,0,48.018,0.6286,0.4056,414.18,0.4646,0.1972,0.1559,0.0,400.0,1.0,0.9857,0.6777,0.0,0.2607,0.3767,0.3054,0.039,0.0345,-5.0,ROUND,CORE
Deep Concrete,0,0,48.281,0.7314,0.57,409.14,0.2476,0.4104,0.0195,0.0,400.0,1.0,0.9413,0.7594,0.0,0.0687,0.3034,0.3087,0.1228,0.1169,-5.0,ROUND,CORE
Round Hammer,0,0,51.901,0.6986,0.6238,357.24,0.2992,0.3551,0.0979,0.0,400.0,1.0,0.7816,0.7123,0.0,0.1142,0.2389,0.1075,0.1482,0.1156,-5.0,ROUND,CORE
Dark Pulse,0,0,50.37,0.6846,0.6757,429.76,0.3945,0.2769,0.1687,0.0,400.0,1.0,0.9351,0.5791,0.0,0.1724,0.2336,0.3769,0.2247,0.199,-5.0,ROUND,CORE
Tight Basement,0,0,52.784,0.8176,0.5539,370.25,0.4205,0.1066,0.0605,0.0,400.0,1.0,0.8003,0.4537,0.0,0.0809,0.2913,0.339,0.146,0.2646,-5.0,ROUND,CORE
Sub Foundation,0,0,49.356,0.9429,0.3649,304.34,0.3275,0.2957,0.0193,0.0,400.0,1.0,0.8951,0.4641,0.0,0.2342,0.1003,0.0928,0.0781,0.2246,-5.0,ROUND,CORE
Warm Reactor,0,0,48.253,0.9037,0.4544,351.87,0.3957,0.3721,0.0429,0.0,400.0,1.0,0.8911,0.5685,0.0,0.2663,0.3278,0.2216,0.1858,0.0522,-5.0,ROUND,CORE
Black Drum,0,0,54.649,0.7974,0.7109,469.89,0.3846,0.1167,0.1723,0.0,400.0,1.0,0.8267,0.7016,0.0,0.2397,0.4174,0.0903,0.1127,0.2297,-5.0,ROUND,CORE
Sub Vault,0,0,53.265,0.7579,0.7153,371.34,0.4323,0.4163,0.1611,0.0,400.0,1.0,0.9142,0.6313,0.0,0.085,0.2079,0.0692,0.0589,0.0426,-5.0,ROUND,CORE
Clean Weight / TIGHT,0,0,50.109,0.645,0.633,273.79,0.1546,0.1602,0.1054,0.0,400.0,1.0,0.8492,0.7253,0.0,0.0713,0.4353,0.0501,0.1814,0.038,-5.0,ROUND,TIGHT
Club Anchor / TIGHT,0,0,49.618,0.56,0.5056,273.36,0.4446,0.1972,0.1559,0.0,400.0,1.0,0.8857,0.7527,0.0,0.2407,0.4267,0.2804,0.039,0.0345,-5.0,ROUND,TIGHT
Deep Concrete / TIGHT,0,0,49.881,0.6614,0.67,270.03,0.2276,0.4104,0.0195,0.0,400.0,1.0,0.8413,0.82,0.0,0.0487,0.3534,0.2837,0.1228,0.1169,-5.0,ROUND,TIGHT
Round Hammer / TIGHT,0,0,53.501,0.6286,0.7238,235.78,0.2792,0.3551,0.0979,0.0,400.0,1.0,0.6816,0.7873,0.0,0.0942,0.2889,0.0825,0.1482,0.1156,-5.0,ROUND,TIGHT
Dark Pulse / TIGHT,0,0,51.97,0.6146,0.7757,283.64,0.3745,0.2769,0.1687,0.0,400.0,1.0,0.8351,0.6541,0.0,0.1524,0.2836,0.3519,0.2247,0.199,-5.0,ROUND,TIGHT
Tight Basement / TIGHT,0,0,54.384,0.7476,0.6539,244.37,0.4005,0.1066,0.0605,0.0,400.0,1.0,0.7003,0.5287,0.0,0.0609,0.3413,0.314,0.146,0.2646,-5.0,ROUND,TIGHT
Sub Foundation / TIGHT,0,0,50.956,0.8729,0.4649,220.0,0.3075,0.2957,0.0193,0.0,400.0,1.0,0.7951,0.5391,0.0,0.2142,0.1503,0.0678,0.0781,0.2246,-5.0,ROUND,TIGHT
Warm Reactor / TIGHT,0,0,49.853,0.8337,0.5544,232.23,0.3757,0.3721,0.0429,0.0,400.0,1.0,0.7911,0.6435,0.0,0.2463,0.3778,0.1966,0.1858,0.0522,-5.0,ROUND,TIGHT
Black Drum / TIGHT,0,0,56.249,0.7274,0.8,310.13,0.3646,0.1167,0.1723,0.0,400.0,1.0,0.7267,0.7766,0.0,0.2197,0.4674,0.0653,0.1127,0.2297,-5.0,ROUND,TIGHT
Sub Vault / TIGHT,0,0,54.865,0.6879,0.8,245.08,0.4123,0.4163,0.1611,0.0,400.0,1.0,0.8142,0.7063,0.0,0.065,0.2579,0.0442,0.0589,0.0426,-5.0,ROUND,TIGHT
Clean Weight / HEAVY,0,0,46.159,0.815,0.483,489.5,0.2096,0.1352,0.1054,0.0,400.0,1.0,0.99,0.6103,0.0,0.1313,0.4153,0.0651,0.1814,0.058,-5.0,ROUND,HEAVY
Club Anchor / HEAVY,0,0,45.668,0.7286,0.3556,488.73,0.4996,0.1722,0.1559,0.0,400.0,1.0,0.99,0.6377,0.0,0.3007,0.4067,0.2954,0.039,0.0545,-5.0,ROUND,HEAVY
Deep Concrete / HEAVY,0,0,45.931,0.8314,0.52,482.79,0.2826,0.3854,0.0195,0.0,400.0,1.0,0.99,0.7194,0.0,0.1087,0.3334,0.2987,0.1228,0.1369,-5.0,ROUND,HEAVY
Round Hammer / HEAVY,0,0,49.551,0.7986,0.5738,421.54,0.3342,0.3301,0.0979,0.0,400.0,1.0,0.8516,0.6723,0.0,0.1542,0.2689,0.0975,0.1482,0.1356,-5.0,ROUND,HEAVY
Dark Pulse / HEAVY,0,0,48.02,0.7846,0.6257,507.12,0.4295,0.2519,0.1687,0.0,400.0,1.0,0.99,0.5391,0.0,0.2124,0.2636,0.3669,0.2247,0.219,-5.0,ROUND,HEAVY
Tight Basement / HEAVY,0,0,50.434,0.9176,0.5039,436.89,0.4555,0.0816,0.0605,0.0,400.0,1.0,0.8703,0.4137,0.0,0.1209,0.3213,0.329,0.146,0.2846,-5.0,ROUND,HEAVY
Sub Foundation / HEAVY,0,0,47.006,0.98,0.3149,359.12,0.3625,0.2707,0.0193,0.0,400.0,1.0,0.9651,0.4241,0.0,0.2742,0.1303,0.0828,0.0781,0.2446,-5.0,ROUND,HEAVY
Warm Reactor / HEAVY,0,0,45.903,0.98,0.4044,415.21,0.4307,0.3471,0.0429,0.0,400.0,1.0,0.9611,0.5285,0.0,0.3063,0.3578,0.2116,0.1858,0.0722,-5.0,ROUND,HEAVY
Black Drum / HEAVY,0,0,52.299,0.8974,0.6609,554.47,0.4196,0.0917,0.1723,0.0,400.0,1.0,0.8967,0.6616,0.0,0.2797,0.4474,0.0803,0.1127,0.2497,-5.0,ROUND,HEAVY
Sub Vault / HEAVY,0,0,50.915,0.8579,0.6653,438.18,0.4673,0.3913,0.1611,0.0,400.0,1.0,0.9842,0.5913,0.0,0.125,0.2379,0.0592,0.0589,0.0626,-5.0,ROUND,HEAVY
Clean Weight / SUSTAIN,0,0,48.509,0.77,0.493,560.0,0.1746,0.2102,0.1304,0.0,400.0,1.0,0.8692,0.6053,0.0,0.1063,0.4253,0.1401,0.1814,0.028,-5.0,ROUND,SUSTAIN
Club Anchor / SUSTAIN,0,0,48.018,0.6836,0.3656,560.0,0.4646,0.2472,0.1809,0.0,400.0,1.0,0.9057,0.6327,0.0,0.2757,0.4167,0.3704,0.039,0.0245,-5.0,ROUND,SUSTAIN
Deep Concrete / SUSTAIN,0,0,48.281,0.7864,0.53,560.0,0.2476,0.4604,0.0445,0.0,400.0,1.0,0.8613,0.7144,0.0,0.0837,0.3434,0.3737,0.1228,0.1069,-5.0,ROUND,SUSTAIN
Round Hammer / SUSTAIN,0,0,51.901,0.7536,0.5838,492.99,0.2992,0.4051,0.1229,0.0,400.0,1.0,0.7016,0.6673,0.0,0.1292,0.2789,0.1725,0.1482,0.1056,-5.0,ROUND,SUSTAIN
Dark Pulse / SUSTAIN,0,0,50.37,0.7396,0.6357,560.0,0.3945,0.3269,0.1937,0.0,400.0,1.0,0.8551,0.5341,0.0,0.1874,0.2736,0.44,0.2247,0.189,-5.0,ROUND,SUSTAIN
Tight Basement / SUSTAIN,0,0,52.784,0.8726,0.5139,510.94,0.4205,0.1566,0.0855,0.0,400.0,1.0,0.7203,0.4087,0.0,0.0959,0.3313,0.404,0.146,0.2546,-5.0,ROUND,SUSTAIN
Sub Foundation / SUSTAIN,0,0,49.356,0.98,0.3249,419.99,0.3275,0.3457,0.0443,0.0,400.0,1.0,0.8151,0.4191,0.0,0.2492,0.1403,0.1578,0.0781,0.2146,-5.0,ROUND,SUSTAIN
Warm Reactor / SUSTAIN,0,0,48.253,0.9587,0.4144,485.58,0.3957,0.4221,0.0679,0.0,400.0,1.0,0.8111,0.5235,0.0,0.2813,0.3678,0.2866,0.1858,0.0422,-5.0,ROUND,SUSTAIN
Black Drum / SUSTAIN,0,0,54.649,0.8524,0.6709,560.0,0.3846,0.1667,0.1973,0.0,400.0,1.0,0.7467,0.6566,0.0,0.2547,0.4574,0.1553,0.1127,0.2197,-5.0,ROUND,SUSTAIN
Sub Vault / SUSTAIN,0,0,53.265,0.8129,0.6753,512.45,0.4323,0.4663,0.1861,0.0,400.0,1.0,0.8342,0.5863,0.0,0.1,0.2479,0.1342,0.0589,0.0326,-5.0,ROUND,SUSTAIN
Clean Weight / MUTANT,0,0,48.509,0.67,0.578,381.64,0.2746,0.2702,0.1954,0.0,400.0,1.0,0.8192,0.6953,0.0,0.1913,0.48,0.1651,0.2714,0.128,-5.0,ROUND,MUTANT
Club Anchor / MUTANT,0,0,48.018,0.5836,0.4506,381.05,0.5,0.3072,0.22,0.0,400.0,1.0,0.8557,0.7227,0.0,0.32,0.4767,0.3954,0.129,0.1245,-5.0,ROUND,MUTANT
Deep Concrete / MUTANT,0,0,48.281,0.6864,0.615,376.41,0.3476,0.48,0.1095,0.0,400.0,1.0,0.8113,0.8044,0.0,0.1687,0.4034,0.3987,0.2128,0.2069,-5.0,ROUND,MUTANT
Round Hammer / MUTANT,0,0,51.901,0.6536,0.6688,328.66,0.3992,0.4651,0.1879,0.0,400.0,1.0,0.68,0.7573,0.0,0.2142,0.3389,0.1975,0.2382,0.2056,-5.0,ROUND,MUTANT
Dark Pulse / MUTANT,0,0,50.37,0.6396,0.7207,395.38,0.4945,0.3869,0.22,0.0,400.0,1.0,0.8051,0.6241,0.0,0.2724,0.3336,0.44,0.28,0.289,-5.0,ROUND,MUTANT
Tight Basement / MUTANT,0,0,52.784,0.7726,0.5989,340.63,0.5,0.2166,0.1505,0.0,400.0,1.0,0.68,0.4987,0.0,0.1809,0.3913,0.429,0.236,0.3,-5.0,ROUND,MUTANT
Sub Foundation / MUTANT,0,0,49.356,0.8979,0.4099,279.99,0.4275,0.4057,0.1093,0.0,400.0,1.0,0.7651,0.5091,0.0,0.32,0.2003,0.1828,0.1681,0.3,-5.0,ROUND,MUTANT
Warm Reactor / MUTANT,0,0,48.253,0.8587,0.4994,323.72,0.4957,0.48,0.1329,0.0,400.0,1.0,0.7611,0.6135,0.0,0.32,0.4278,0.3116,0.2758,0.1422,-5.0,ROUND,MUTANT
Black Drum / MUTANT,0,0,54.649,0.7524,0.7559,432.3,0.4846,0.2267,0.22,0.0,400.0,1.0,0.6967,0.7466,0.0,0.32,0.48,0.1803,0.2027,0.3,-5.0,ROUND,MUTANT
Sub Vault / MUTANT,0,0,53.265,0.7129,0.7603,341.63,0.5,0.48,0.22,0.0,400.0,1.0,0.7842,0.6763,0.0,0.185,0.3079,0.1592,0.1489,0.1326,-5.0,ROUND,MUTANT
Clean Attack,1,0,51.471,0.7811,0.7119,173.57,0.4075,0.3175,0.1498,0.0,400.0,1.0,0.8577,0.847,0.0,0.3138,0.1233,0.1866,0.0913,0.2231,-5.0,PUNCH,CORE
Pressure Point,1,0,51.451,0.7604,0.9362,204.67,0.1357,0.6364,0.2127,0.0,400.0,1.0,0.8529,0.8663,0.0,0.1266,0.3619,0.2391,0.1152,0.2926,-5.0,PUNCH,CORE
Warehouse Knock,1,0,52.567,0.4919,0.9787,210.96,0.3471,0.3966,0.0363,0.0,400.0,1.0,0.9379,0.9146,0.0,0.1196,0.2217,0.1835,0.2514,0.1632,-5.0,PUNCH,CORE
Fast Driver,1,0,53.222,0.7433,0.7303,194.47,0.3407,0.3874,0.1089,0.0,400.0,1.0,0.9079,0.982,0.0,0.2622,0.3779,0.2228,0.1382,0.2815,-5.0,PUNCH,CORE
Techno Nail,1,0,58.489,0.6797,0.9114,205.16,0.155,0.2892,0.2903,0.0,400.0,1.0,0.9067,0.9222,0.0,0.2848,0.2471,0.2111,0.1996,0.2473,-5.0,PUNCH,CORE
Needle Punch,1,0,56.715,0.7184,0.725,247.73,0.1354,0.5214,0.2539,0.0,400.0,1.0,0.8115,0.9283,0.0,0.2943,0.1031,0.0737,0.0863,0.2173,-5.0,PUNCH,CORE
Front Row,1,0,56.133,0.4997,0.9497,254.27,0.2317,0.5603,0.2382,0.0,400.0,1.0,0.758,0.8018,0.0,0.1972,0.1242,0.1796,0.0943,0.0611,-5.0,PUNCH,CORE
Steel Toe,1,0,51.148,0.6455,0.9274,251.22,0.2712,0.5668,0.2527,0.0,400.0,1.0,0.9242,0.9666,0.0,0.1633,0.1746,0.2631,0.0798,0.2619,-5.0,PUNCH,CORE
Impact Driver,1,0,57.868,0.7797,0.9697,187.77,0.4104,0.3674,0.126,0.0,400.0,1.0,0.7536,0.9434,0.0,0.3337,0.3054,0.1481,0.16,0.1507,-5.0,PUNCH,CORE
Concrete Punch,1,0,55.902,0.6176,0.8728,238.07,0.2496,0.6423,0.2552,0.0,400.0,1.0,0.9261,0.968,0.0,0.2151,0.1745,0.2864,0.263,0.0817,-5.0,PUNCH,CORE
Clean Attack / TIGHT,1,0,53.271,0.7111,0.8119,140.0,0.4475,0.3325,0.1498,0.0,400.0,1.0,0.7577,0.922,0.0,0.3488,0.1733,0.1616,0.0913,0.2231,-5.0,PUNCH,TIGHT
Pressure Point / TIGHT,1,0,53.251,0.6904,0.99,151.46,0.1757,0.6514,0.2127,0.0,400.0,1.0,0.7529,0.9413,0.0,0.1616,0.4119,0.2141,0.1152,0.2926,-5.0,PUNCH,TIGHT
Warehouse Knock / TIGHT,1,0,54.367,0.4219,0.99,156.11,0.3871,0.4116,0.0363,0.0,400.0,1.0,0.8379,0.9896,0.0,0.1546,0.2717,0.1585,0.2514,0.1632,-5.0,PUNCH,TIGHT
Fast Driver / TIGHT,1,0,55.022,0.6733,0.8303,143.91,0.3807,0.4024,0.1089,0.0,400.0,1.0,0.8079,0.99,0.0,0.2972,0.4279,0.1978,0.1382,0.2815,-5.0,PUNCH,TIGHT
Techno Nail / TIGHT,1,0,60.289,0.6097,0.99,151.82,0.195,0.3042,0.2903,0.0,400.0,1.0,0.8067,0.99,0.0,0.3198,0.2971,0.1861,0.1996,0.2473,-5.0,PUNCH,TIGHT
Needle Punch / TIGHT,1,0,58.515,0.6484,0.825,183.32,0.1754,0.5364,0.2539,0.0,400.0,1.0,0.7115,0.99,0.0,0.3293,0.1531,0.0487,0.0863,0.2173,-5.0,PUNCH,TIGHT
Front Row / TIGHT,1,0,57.933,0.4297,0.99,188.16,0.2717,0.5753,0.2382,0.0,400.0,1.0,0.66,0.8768,0.0,0.2322,0.1742,0.1546,0.0943,0.0611,-5.0,PUNCH,TIGHT
Steel Toe / TIGHT,1,0,52.948,0.5755,0.99,185.9,0.3112,0.5818,0.2527,0.0,400.0,1.0,0.8242,0.99,0.0,0.1983,0.2246,0.2381,0.0798,0.2619,-5.0,PUNCH,TIGHT
Impact Driver / TIGHT,1,0,59.668,0.7097,0.99,140.0,0.4504,0.3824,0.126,0.0,400.0,1.0,0.66,0.99,0.0,0.3687,0.3554,0.1231,0.16,0.1507,-5.0,PUNCH,TIGHT
Concrete Punch / TIGHT,1,0,57.702,0.5476,0.9728,176.17,0.2896,0.6573,0.2552,0.0,400.0,1.0,0.8261,0.99,0.0,0.2501,0.2245,0.2614,0.263,0.0817,-5.0,PUNCH,TIGHT
Clean Attack / HEAVY,1,0,49.5,0.84,0.6619,204.81,0.4425,0.2925,0.1498,0.0,400.0,1.0,0.9277,0.807,0.0,0.3538,0.1533,0.1766,0.0913,0.2431,-5.0,PUNCH,HEAVY
Pressure Point / HEAVY,1,0,49.5,0.84,0.8862,241.51,0.1707,0.6114,0.2127,0.0,400.0,1.0,0.9229,0.8263,0.0,0.1666,0.3919,0.2291,0.1152,0.3126,-5.0,PUNCH,HEAVY
Warehouse Knock / HEAVY,1,0,50.217,0.5919,0.9287,248.93,0.3821,0.3716,0.0363,0.0,400.0,1.0,0.96,0.8746,0.0,0.1596,0.2517,0.1735,0.2514,0.1832,-5.0,PUNCH,HEAVY
Fast Driver / HEAVY,1,0,50.872,0.84,0.6803,229.47,0.3757,0.3624,0.1089,0.0,400.0,1.0,0.96,0.942,0.0,0.3022,0.4079,0.2128,0.1382,0.3015,-5.0,PUNCH,HEAVY
Techno Nail / HEAVY,1,0,56.139,0.7797,0.8614,242.09,0.19,0.2642,0.2903,0.0,400.0,1.0,0.96,0.8822,0.0,0.3248,0.2771,0.2011,0.1996,0.2673,-5.0,PUNCH,HEAVY
Needle Punch / HEAVY,1,0,54.365,0.8184,0.675,292.32,0.1704,0.4964,0.2539,0.0,400.0,1.0,0.8815,0.8883,0.0,0.3343,0.1331,0.0637,0.0863,0.2373,-5.0,PUNCH,HEAVY
Front Row / HEAVY,1,0,53.783,0.5997,0.8997,300.04,0.2667,0.5353,0.2382,0.0,400.0,1.0,0.828,0.7618,0.0,0.2372,0.1542,0.1696,0.0943,0.0811,-5.0,PUNCH,HEAVY
Steel Toe / HEAVY,1,0,49.5,0.7455,0.8774,296.44,0.3062,0.5418,0.2527,0.0,400.0,1.0,0.96,0.9266,0.0,0.2033,0.2046,0.2531,0.0798,0.2819,-5.0,PUNCH,HEAVY
Impact Driver / HEAVY,1,0,55.518,0.84,0.9197,221.57,0.4454,0.3424,0.126,0.0,400.0,1.0,0.8236,0.9034,0.0,0.3737,0.3354,0.1381,0.16,0.1707,-5.0,PUNCH,HEAVY
Concrete Punch / HEAVY,1,0,53.552,0.7176,0.8228,280.92,0.2846,0.6173,0.2552,0.0,400.0,1.0,0.96,0.928,0.0,0.2551,0.2045,0.2764,0.263,0.1017,-5.0,PUNCH,HEAVY
Clean Attack / SUSTAIN,1,0,51.471,0.8361,0.6719,239.53,0.4075,0.3675,0.1798,0.0,400.0,1.0,0.7777,0.802,0.0,0.3388,0.1633,0.2416,0.0913,0.2131,-5.0,PUNCH,SUSTAIN
Pressure Point / SUSTAIN,1,0,51.451,0.8154,0.8962,282.44,0.1357,0.6864,0.2427,0.0,400.0,1.0,0.7729,0.8213,0.0,0.1516,0.4019,0.2941,0.1152,0.2826,-5.0,PUNCH,SUSTAIN
Warehouse Knock / SUSTAIN,1,0,52.567,0.5469,0.9387,291.12,0.3471,0.4466,0.0663,0.0,400.0,1.0,0.8579,0.8696,0.0,0.1446,0.2617,0.2385,0.2514,0.1532,-5.0,PUNCH,SUSTAIN
Fast Driver / SUSTAIN,1,0,53.222,0.7983,0.6903,268.37,0.3407,0.4374,0.1389,0.0,400.0,1.0,0.8279,0.937,0.0,0.2872,0.4179,0.2778,0.1382,0.2715,-5.0,PUNCH,SUSTAIN
Techno Nail / SUSTAIN,1,0,58.489,0.7347,0.8714,283.12,0.155,0.3392,0.3203,0.0,400.0,1.0,0.8267,0.8772,0.0,0.3098,0.2871,0.2661,0.1996,0.2373,-5.0,PUNCH,SUSTAIN
Needle Punch / SUSTAIN,1,0,56.715,0.7734,0.685,330.0,0.1354,0.5714,0.2839,0.0,400.0,1.0,0.7315,0.8833,0.0,0.3193,0.1431,0.1287,0.0863,0.2073,-5.0,PUNCH,SUSTAIN
Front Row / SUSTAIN,1,0,56.133,0.5547,0.9097,330.0,0.2317,0.6103,0.2682,0.0,400.0,1.0,0.678,0.76,0.0,0.2222,0.1642,0.2346,0.0943,0.0511,-5.0,PUNCH,SUSTAIN
Steel Toe / SUSTAIN,1,0,51.148,0.7005,0.8874,330.0,0.2712,0.6168,0.2827,0.0,400.0,1.0,0.8442,0.9216,0.0,0.1883,0.2146,0.3181,0.0798,0.2519,-5.0,PUNCH,SUSTAIN
Impact Driver / SUSTAIN,1,0,57.868,0.8347,0.9297,259.12,0.4104,0.4174,0.156,0.0,400.0,1.0,0.6736,0.8984,0.0,0.3587,0.3454,0.2031,0.16,0.1407,-5.0,PUNCH,SUSTAIN
Concrete Punch / SUSTAIN,1,0,55.902,0.6726,0.8328,328.54,0.2496,0.6923,0.2852,0.0,400.0,1.0,0.8461,0.923,0.0,0.2401,0.2145,0.3414,0.263,0.0717,-5.0,PUNCH,SUSTAIN
Clean Attack / MUTANT,1,0,51.471,0.7361,0.7569,159.68,0.46,0.4175,0.2498,0.0,400.0,1.0,0.7277,0.892,0.0,0.38,0.2233,0.2666,0.1763,0.3031,-5.0,PUNCH,MUTANT
Pressure Point / MUTANT,1,0,51.451,0.7154,0.9812,188.3,0.2257,0.7,0.3127,0.0,400.0,1.0,0.7229,0.9113,0.0,0.2266,0.44,0.3191,0.2002,0.34,-5.0,PUNCH,MUTANT
Warehouse Knock / MUTANT,1,0,52.567,0.4469,0.99,194.08,0.4371,0.4966,0.1363,0.0,400.0,1.0,0.8079,0.9596,0.0,0.2196,0.3217,0.2635,0.3,0.2432,-5.0,PUNCH,MUTANT
Fast Driver / MUTANT,1,0,53.222,0.6983,0.7753,178.91,0.4307,0.4874,0.2089,0.0,400.0,1.0,0.7779,0.99,0.0,0.3622,0.44,0.3028,0.2232,0.34,-5.0,PUNCH,MUTANT
Techno Nail / MUTANT,1,0,58.489,0.6347,0.9564,188.75,0.245,0.3892,0.34,0.0,400.0,1.0,0.7767,0.9672,0.0,0.38,0.3471,0.2911,0.2846,0.3273,-5.0,PUNCH,MUTANT
Needle Punch / MUTANT,1,0,56.715,0.6734,0.77,227.91,0.2254,0.6214,0.34,0.0,400.0,1.0,0.6815,0.9733,0.0,0.38,0.2031,0.1537,0.1713,0.2973,-5.0,PUNCH,MUTANT
Front Row / MUTANT,1,0,56.133,0.4547,0.99,233.93,0.3217,0.6603,0.3382,0.0,400.0,1.0,0.66,0.8468,0.0,0.2972,0.2242,0.2596,0.1793,0.1411,-5.0,PUNCH,MUTANT
Steel Toe / MUTANT,1,0,51.148,0.6005,0.9724,231.12,0.3612,0.6668,0.34,0.0,400.0,1.0,0.7942,0.99,0.0,0.2633,0.2746,0.3431,0.1648,0.34,-5.0,PUNCH,MUTANT
Impact Driver / MUTANT,1,0,57.868,0.7347,0.99,172.75,0.46,0.4674,0.226,0.0,400.0,1.0,0.66,0.9884,0.0,0.38,0.4054,0.2281,0.245,0.2307,-5.0,PUNCH,MUTANT
Concrete Punch / MUTANT,1,0,55.902,0.5726,0.9178,219.02,0.3396,0.7,0.34,0.0,400.0,1.0,0.7961,0.99,0.0,0.3151,0.2745,0.36,0.3,0.1617,-5.0,PUNCH,MUTANT
Hard Clean,2,0,58.056,0.6754,0.9034,290.82,0.4678,0.4334,0.1476,0.0,400.0,1.0,0.8469,0.8764,0.0,0.5682,0.359,0.1768,0.6775,0.6815,-5.0,HARD,CORE
Peak Control,2,0,51.485,0.8502,0.8951,246.21,0.5911,0.3939,0.1456,0.0,400.0,1.0,0.725,0.7254,0.0,0.5759,0.3043,0.4272,0.6241,0.6902,-5.0,HARD,CORE
Flat Top,2,0,49.697,0.8243,0.8509,339.58,0.4719,0.5636,0.193,0.0,400.0,1.0,0.915,0.7702,0.0,0.9092,0.339,0.4535,0.7579,0.6394,-5.0,HARD,CORE
Redline,2,0,57.696,0.8373,0.804,248.91,0.6535,0.6143,0.2731,0.0,400.0,1.0,0.733,0.7266,0.0,0.7887,0.6133,0.3801,0.8972,0.6684,-5.0,HARD,CORE
Block Maker,2,0,51.815,0.6344,0.5949,337.24,0.638,0.4479,0.2408,0.0,400.0,1.0,0.7339,0.7941,0.0,0.7675,0.4253,0.2314,0.5205,0.7188,-5.0,HARD,CORE
Crushed Rail,2,0,50.121,0.8969,0.6323,311.04,0.8147,0.565,0.3089,0.0,400.0,1.0,0.9432,0.6954,0.0,0.6036,0.3919,0.2401,0.9074,0.6812,-5.0,HARD,CORE
Clipped Concrete,2,0,49.478,0.7029,0.7222,246.44,0.553,0.5551,0.085,0.0,400.0,1.0,0.8095,0.8484,0.0,0.8206,0.3217,0.4383,0.7873,0.7812,-5.0,HARD,CORE
Hammer Hall,2,0,55.309,0.6337,0.8587,273.96,0.4611,0.2815,0.0903,0.0,400.0,1.0,0.7683,0.953,0.0,0.9066,0.709,0.172,0.8602,0.7477,-5.0,HARD,CORE
Main Room Block,2,0,52.868,0.8626,0.8058,358.93,0.5146,0.2872,0.2862,0.0,400.0,1.0,0.9221,0.903,0.0,0.745,0.3839,0.115,0.7329,0.9102,-5.0,HARD,CORE
Guillotine,2,0,51.639,0.6973,0.6083,353.89,0.6174,0.2627,0.1414,0.0,400.0,1.0,0.7592,0.8765,0.0,0.6206,0.4057,0.4295,0.8534,0.9484,-5.0,HARD,CORE
Hard Clean / TIGHT,2,0,59.355999999999995,0.6053999999999999,0.94,209.3904,0.5128,0.4534,0.1476,0.0,400.0,1.0,0.7469,0.9513999999999999,0.0,0.6182000000000001,0.409,0.15180000000000002,0.6775,0.6815,-5.0,HARD,CORE
Peak Control / TIGHT,2,0,52.785,0.7802,0.94,190.0,0.6361,0.4139,0.1456,0.0,400.0,1.0,0.64,0.8004,0.0,0.6259,0.3543,0.4022,0.6241,0.6902,-5.0,HARD,CORE
Flat Top / TIGHT,2,0,50.997,0.7543,0.94,244.49759999999998,0.5169,0.5836,0.193,0.0,400.0,1.0,0.8150000000000001,0.8452,0.0,0.92,0.389,0.4285,0.7579,0.6394,-5.0,HARD,CORE
Redline / TIGHT,2,0,58.995999999999995,0.7673000000000001,0.904,190.0,0.6985,0.6343,0.2731,0.0,400.0,1.0,0.64,0.8016,0.0,0.8387,0.6633,0.35509999999999997,0.8972,0.6684,-5.0,HARD,CORE
Block Maker / TIGHT,2,0,53.114999999999995,0.5644,0.6949,242.8128,0.683,0.46790000000000004,0.2408,0.0,400.0,1.0,0.64,0.8691,0.0,0.8175,0.4753,0.2064,0.5205,0.7188,-5.0,HARD,CORE
Crushed Rail / TIGHT,2,0,51.421,0.8269,0.7323,223.9488,0.82,0.585,0.3089,0.0,400.0,1.0,0.8432000000000001,0.7704,0.0,0.6536000000000001,0.4419,0.2151,0.9074,0.6812,-5.0,HARD,CORE
Clipped Concrete / TIGHT,2,0,50.778,0.6329,0.8221999999999999,190.0,0.5980000000000001,0.5751000000000001,0.085,0.0,400.0,1.0,0.7095,0.9234,0.0,0.8706,0.3717,0.4133,0.7873,0.7812,-5.0,HARD,CORE
Hammer Hall / TIGHT,2,0,56.608999999999995,0.5637000000000001,0.94,197.25119999999998,0.5061,0.3015,0.0903,0.0,400.0,1.0,0.6683,0.97,0.0,0.92,0.759,0.147,0.8602,0.7477,-5.0,HARD,CORE
Main Room Block / TIGHT,2,0,54.168,0.7926,0.9057999999999999,258.4296,0.5596,0.30720000000000003,0.2862,0.0,400.0,1.0,0.8221,0.97,0.0,0.795,0.4339,0.09,0.7329,0.9102,-5.0,HARD,CORE
Guillotine / TIGHT,2,0,52.939,0.6273,0.7082999999999999,254.80079999999998,0.6624,0.2827,0.1414,0.0,400.0,1.0,0.6592,0.9514999999999999,0.0,0.6706000000000001,0.4557,0.40449999999999997,0.8534,0.9484,-5.0,HARD,CORE
Hard Clean / HEAVY,2,0,54.556,0.8254,0.8034,407.14799999999997,0.4478,0.3834,0.11760000000000001,0.0,400.0,1.0,0.9569,0.7964,0.0,0.5682,0.359,0.12680000000000002,0.6575,0.6515,-5.0,HARD,CORE
Peak Control / HEAVY,2,0,47.985,0.94,0.7951,344.694,0.5710999999999999,0.3439,0.11560000000000001,0.0,400.0,1.0,0.835,0.6454000000000001,0.0,0.5759,0.3043,0.37720000000000004,0.6041,0.6602,-5.0,HARD,CORE
Flat Top / HEAVY,2,0,47.5,0.94,0.7509,440.0,0.45189999999999997,0.5136,0.163,0.0,400.0,1.0,0.96,0.6902,0.0,0.9092,0.339,0.4035,0.7379,0.6093999999999999,-5.0,HARD,CORE
Redline / HEAVY,2,0,54.196,0.94,0.7040000000000001,348.474,0.6335,0.5642999999999999,0.2431,0.0,400.0,1.0,0.843,0.6466000000000001,0.0,0.7887,0.6133,0.3301,0.8772,0.6384,-5.0,HARD,CORE
Block Maker / HEAVY,2,0,48.315,0.7844,0.52,440.0,0.618,0.39790000000000003,0.2108,0.0,400.0,1.0,0.8439,0.7141000000000001,0.0,0.7675,0.4253,0.1814,0.5005,0.6888,-5.0,HARD,CORE
Crushed Rail / HEAVY,2,0,47.5,0.94,0.5323,435.456,0.7947,0.5149999999999999,0.27890000000000004,0.0,400.0,1.0,0.96,0.64,0.0,0.6036,0.3919,0.1901,0.8874,0.6512,-5.0,HARD,CORE
Clipped Concrete / HEAVY,2,0,47.5,0.8529,0.6222,345.01599999999996,0.533,0.5051,0.06,0.0,400.0,1.0,0.9195,0.7684000000000001,0.0,0.8206,0.3217,0.38830000000000003,0.7673,0.7512,-5.0,HARD,CORE
Hammer Hall / HEAVY,2,0,51.809,0.7837000000000001,0.7587,383.5439999999999,0.4411,0.23149999999999998,0.060300000000000006,0.0,400.0,1.0,0.8783,0.873,0.0,0.9066,0.709,0.12199999999999998,0.8402,0.7177,-5.0,HARD,CORE
Main Room Block / HEAVY,2,0,49.368,0.94,0.7058,440.0,0.49459999999999993,0.23720000000000002,0.2562,0.0,400.0,1.0,0.96,0.8230000000000001,0.0,0.745,0.3839,0.08,0.7129,0.8802,-5.0,HARD,CORE
Guillotine / HEAVY,2,0,48.139,0.8473,0.52,440.0,0.5973999999999999,0.22,0.1114,0.0,400.0,1.0,0.8692,0.7965,0.0,0.6206,0.4057,0.3795,0.8334,0.9184,-5.0,HARD,CORE
Hard Clean / SUSTAIN,2,0,58.056,0.7554,0.8333999999999999,436.23,0.4278,0.5334,0.24760000000000001,0.0,400.0,1.0,0.7269,0.8164,0.0,0.5882000000000001,0.45899999999999996,0.3268,0.6975,0.5815,-5.0,HARD,CORE
Peak Control / SUSTAIN,2,0,51.485,0.9301999999999999,0.8251,369.315,0.5510999999999999,0.4939,0.2456,0.0,400.0,1.0,0.64,0.6654,0.0,0.5959,0.4043,0.5,0.6441,0.5902000000000001,-5.0,HARD,CORE
Flat Top / SUSTAIN,2,0,49.697,0.9043,0.7808999999999999,440.0,0.4319,0.6636,0.29300000000000004,0.0,400.0,1.0,0.795,0.7101999999999999,0.0,0.92,0.43900000000000006,0.5,0.7779,0.56,-5.0,HARD,CORE
Redline / SUSTAIN,2,0,57.696,0.9173,0.734,373.365,0.6134999999999999,0.68,0.36,0.0,400.0,1.0,0.64,0.6666000000000001,0.0,0.8087,0.7132999999999999,0.5,0.9172,0.5684,-5.0,HARD,CORE
Block Maker / SUSTAIN,2,0,51.815,0.7143999999999999,0.5248999999999999,440.0,0.598,0.5479,0.3408,0.0,400.0,1.0,0.64,0.7341,0.0,0.7875,0.5253,0.38139999999999996,0.5405,0.6188,-5.0,HARD,CORE
Crushed Rail / SUSTAIN,2,0,50.121,0.94,0.5623,440.0,0.7746999999999999,0.6649999999999999,0.36,0.0,400.0,1.0,0.8232,0.64,0.0,0.6236,0.4919,0.3901,0.9274,0.5812,-5.0,HARD,CORE
Clipped Concrete / SUSTAIN,2,0,49.478,0.7828999999999999,0.6521999999999999,369.65999999999997,0.513,0.6551,0.185,0.0,400.0,1.0,0.6895,0.7884,0.0,0.8406,0.42169999999999996,0.5,0.8073,0.6812,-5.0,HARD,CORE
Hammer Hall / SUSTAIN,2,0,55.309,0.7137,0.7887,410.93999999999994,0.42110000000000003,0.38149999999999995,0.19030000000000002,0.0,400.0,1.0,0.6483,0.893,0.0,0.92,0.76,0.32199999999999995,0.8802,0.6477,-5.0,HARD,CORE
Main Room Block / SUSTAIN,2,0,52.868,0.94,0.7358,440.0,0.47459999999999997,0.3872,0.36,0.0,400.0,1.0,0.8021,0.843,0.0,0.765,0.4839,0.265,0.7529,0.8102,-5.0,HARD,CORE
Guillotine / SUSTAIN,2,0,51.639,0.7773,0.5383,440.0,0.5773999999999999,0.3627,0.2414,0.0,400.0,1.0,0.64,0.8165,0.0,0.6406000000000001,0.5057,0.5,0.8734000000000001,0.8484,-5.0,HARD,CORE
Hard Clean / MUTANT,2,0,59.256,0.5754,0.94,226.8396,0.4278,0.6134,0.2976,0.0,400.0,1.0,0.6769,0.9463999999999999,0.0,0.6482,0.5389999999999999,0.3468,0.7475,0.6114999999999999,-5.0,HARD,CORE
Peak Control / MUTANT,2,0,52.685,0.7502,0.94,192.0438,0.5510999999999999,0.5739,0.2956,0.0,400.0,1.0,0.64,0.7954000000000001,0.0,0.6558999999999999,0.4843,0.5,0.6940999999999999,0.6202000000000001,-5.0,HARD,CORE
Flat Top / MUTANT,2,0,50.897000000000006,0.7243,0.9309,264.87239999999997,0.4319,0.68,0.34299999999999997,0.0,400.0,1.0,0.745,0.8402000000000001,0.0,0.92,0.519,0.5,0.8279000000000001,0.5693999999999999,-5.0,HARD,CORE
Redline / MUTANT,2,0,58.896,0.7373000000000001,0.884,194.1498,0.6134999999999999,0.68,0.36,0.0,400.0,1.0,0.64,0.7966,0.0,0.8686999999999999,0.76,0.5,0.95,0.5984,-5.0,HARD,CORE
Block Maker / MUTANT,2,0,53.015,0.56,0.6748999999999999,263.04720000000003,0.598,0.6279,0.36,0.0,400.0,1.0,0.64,0.8641000000000001,0.0,0.8474999999999999,0.6053,0.4014,0.5905,0.6488,-5.0,HARD,CORE
Crushed Rail / MUTANT,2,0,51.321000000000005,0.7969,0.7122999999999999,242.61120000000003,0.7746999999999999,0.68,0.36,0.0,400.0,1.0,0.7732,0.7654000000000001,0.0,0.6836,0.5719000000000001,0.4101,0.95,0.6112,-5.0,HARD,CORE
Clipped Concrete / MUTANT,2,0,50.678000000000004,0.6029,0.8021999999999999,192.2232,0.513,0.68,0.235,0.0,400.0,1.0,0.64,0.9184000000000001,0.0,0.9006,0.5017,0.5,0.8573,0.7112,-5.0,HARD,CORE
Hammer Hall / MUTANT,2,0,56.509,0.56,0.9387,213.6888,0.42110000000000003,0.46149999999999997,0.2403,0.0,400.0,1.0,0.64,0.97,0.0,0.92,0.76,0.34199999999999997,0.9301999999999999,0.6777,-5.0,HARD,CORE
Main Room Block / MUTANT,2,0,54.068000000000005,0.7626000000000001,0.8857999999999999,279.9654,0.47459999999999997,0.4672,0.36,0.0,400.0,1.0,0.7521,0.97,0.0,0.825,0.5639000000000001,0.28500000000000003,0.8029,0.8402000000000001,-5.0,HARD,CORE
Guillotine / MUTANT,2,0,52.839000000000006,0.5973,0.6882999999999999,276.0342,0.5773999999999999,0.4427,0.2914,0.0,400.0,1.0,0.64,0.9464999999999999,0.0,0.7006,0.5857,0.5,0.9234,0.8784000000000001,-5.0,HARD,CORE
Industrial Clean,3,0,50.216,0.7996,0.7388,322.3,0.5157,0.5385,0.5952,0.0,400.0,1.0,0.7553,0.7429,0.0,0.4456,0.8819,0.4954,0.6057,0.7461,-5.0,INDUSTRIAL,CORE
Reactor Core,3,0,47.137,0.8007,0.7715,465.49,0.4233,0.5396,0.7473,0.0,400.0,1.0,0.808,0.5841,0.0,0.83,0.6668,0.5303,0.6616,0.4896,-5.0,INDUSTRIAL,CORE
Black Foundry,3,0,55.092,0.7908,0.696,492.65,0.3819,0.5091,0.7479,0.0,400.0,1.0,0.8421,0.8459,0.0,0.5055,0.5272,0.6921,0.6175,0.379,-5.0,INDUSTRIAL,CORE
Steel Chamber,3,0,51.003,0.7576,0.7979,498.0,0.4247,0.4005,0.4647,0.0,400.0,1.0,0.9337,0.917,0.0,0.5108,0.7147,0.5679,0.6071,0.5909,-5.0,INDUSTRIAL,CORE
Container Impact,3,0,50.15,0.9135,0.6603,327.66,0.5807,0.3143,0.7673,0.0,400.0,1.0,0.7648,0.7344,0.0,0.848,0.453,0.6705,0.7136,0.4811,-5.0,INDUSTRIAL,CORE
Factory Floor,3,0,55.937,0.8549,0.614,324.79,0.6329,0.3022,0.4362,0.0,400.0,1.0,0.9358,0.7977,0.0,0.434,0.5122,0.6885,0.6055,0.7314,-5.0,INDUSTRIAL,CORE
Rust Press,3,0,47.388,0.8566,0.5035,346.16,0.7367,0.4761,0.4817,0.0,400.0,1.0,0.9753,0.8709,0.0,0.7294,0.6836,0.5295,0.8225,0.7614,-5.0,INDUSTRIAL,CORE
Broken Piston,3,0,51.486,0.9773,0.8674,368.87,0.4607,0.6546,0.7692,0.0,400.0,1.0,0.7856,0.8835,0.0,0.4689,0.7155,0.8741,0.626,0.5176,-5.0,INDUSTRIAL,CORE
Machine Teeth,3,0,50.441,0.9805,0.5241,394.32,0.5226,0.3201,0.8679,0.0,400.0,1.0,0.9412,0.916,0.0,0.8469,0.7265,0.8682,0.4138,0.6425,-5.0,INDUSTRIAL,CORE
Underground Unit,3,0,56.931,0.7474,0.5024,364.12,0.6797,0.5743,0.7807,0.0,400.0,1.0,0.9483,0.8652,0.0,0.5443,0.7293,0.7776,0.8257,0.5311,-5.0,INDUSTRIAL,CORE
Industrial Clean / TIGHT,3,0,51.716,0.68,0.8588,240.0,0.47570000000000007,0.5685,0.5551999999999999,0.0,400.0,1.0,0.64,0.8429,0.0,0.4856,0.9,0.42,0.5757,0.6661,-5.0,INDUSTRIAL,CORE
Reactor Core / TIGHT,3,0,48.637,0.6807,0.8915,279.294,0.38330000000000003,0.5696,0.7072999999999999,0.0,400.0,1.0,0.64,0.6840999999999999,0.0,0.86,0.7467999999999999,0.4503,0.6315999999999999,0.40959999999999996,-5.0,INDUSTRIAL,CORE
Black Foundry / TIGHT,3,0,56.592,0.68,0.816,295.59,0.34190000000000004,0.5391,0.7079,0.0,400.0,1.0,0.6720999999999999,0.9459,0.0,0.5455,0.6072,0.6121000000000001,0.5875,0.3,-5.0,INDUSTRIAL,CORE
Steel Chamber / TIGHT,3,0,52.503,0.68,0.9179,298.8,0.38470000000000004,0.4305,0.4247,0.0,400.0,1.0,0.7636999999999999,0.95,0.0,0.5508000000000001,0.7947,0.48789999999999994,0.5771,0.5109,-5.0,INDUSTRIAL,CORE
Container Impact / TIGHT,3,0,51.65,0.7935,0.7803,240.0,0.5407,0.34430000000000005,0.7273,0.0,400.0,1.0,0.64,0.8344,0.0,0.86,0.533,0.5905,0.6836,0.4011,-5.0,INDUSTRIAL,CORE
Factory Floor / TIGHT,3,0,57.437,0.7349,0.734,240.0,0.5929,0.33220000000000005,0.3962,0.0,400.0,1.0,0.7657999999999999,0.8976999999999999,0.0,0.474,0.5922,0.6085,0.5755,0.6514000000000001,-5.0,INDUSTRIAL,CORE
Rust Press / TIGHT,3,0,48.888,0.7366,0.6234999999999999,240.0,0.6967,0.5061,0.44170000000000004,0.0,400.0,1.0,0.8052999999999999,0.95,0.0,0.7694000000000001,0.7636,0.44949999999999996,0.7925,0.6814,-5.0,INDUSTRIAL,CORE
Broken Piston / TIGHT,3,0,52.986,0.8573,0.92,240.0,0.4207,0.6846,0.7292,0.0,400.0,1.0,0.64,0.95,0.0,0.5089,0.7955,0.7941,0.596,0.43759999999999993,-5.0,INDUSTRIAL,CORE
Machine Teeth / TIGHT,3,0,51.941,0.8605,0.6441,240.0,0.4826,0.35009999999999997,0.8279,0.0,400.0,1.0,0.7712,0.95,0.0,0.86,0.8065,0.7882,0.38380000000000003,0.5625,-5.0,INDUSTRIAL,CORE
Underground Unit / TIGHT,3,0,58.431,0.68,0.6224,240.0,0.6396999999999999,0.6043000000000001,0.7406999999999999,0.0,400.0,1.0,0.7783,0.95,0.0,0.5843,0.8092999999999999,0.6976,0.7957,0.4511,-5.0,INDUSTRIAL,CORE
Industrial Clean / HEAVY,3,0,45.0,0.8795999999999999,0.6588,477.004,0.37570000000000003,0.5085,0.5052,0.0,400.0,1.0,0.8252999999999999,0.6929,0.0,0.5256,0.9,0.42,0.5257000000000001,0.7461,-5.0,INDUSTRIAL,CORE
Reactor Core / HEAVY,3,0,45.0,0.8806999999999999,0.6915,540.0,0.32,0.5095999999999999,0.6573,0.0,400.0,1.0,0.8780000000000001,0.5340999999999999,0.0,0.86,0.7168,0.42,0.5816,0.4896,-5.0,INDUSTRIAL,CORE
Black Foundry / HEAVY,3,0,49.292,0.8707999999999999,0.616,540.0,0.32,0.47909999999999997,0.6579,0.0,400.0,1.0,0.9120999999999999,0.7958999999999999,0.0,0.5854999999999999,0.5772,0.4821000000000001,0.5375000000000001,0.379,-5.0,INDUSTRIAL,CORE
Steel Chamber / HEAVY,3,0,45.203,0.8376,0.7179000000000001,540.0,0.32,0.37050000000000005,0.37470000000000003,0.0,400.0,1.0,0.98,0.867,0.0,0.5908,0.7647,0.42,0.5271,0.5909,-5.0,INDUSTRIAL,CORE
Container Impact / HEAVY,3,0,45.0,0.99,0.5803,484.9368,0.4407,0.2843,0.6773,0.0,400.0,1.0,0.8348,0.6844,0.0,0.86,0.503,0.4605,0.6336,0.4811,-5.0,INDUSTRIAL,CORE
Factory Floor / HEAVY,3,0,50.137,0.9349,0.534,480.6892,0.4929,0.2722,0.36,0.0,400.0,1.0,0.98,0.7476999999999999,0.0,0.514,0.5622,0.47850000000000004,0.5255000000000001,0.7314,-5.0,INDUSTRIAL,CORE
Rust Press / HEAVY,3,0,45.0,0.9366,0.44,512.3168000000001,0.5967,0.44610000000000005,0.39170000000000005,0.0,400.0,1.0,0.98,0.8209,0.0,0.8094,0.7336,0.42,0.7425,0.7614,-5.0,INDUSTRIAL,CORE
Broken Piston / HEAVY,3,0,45.686,0.99,0.7874,540.0,0.3207,0.6245999999999999,0.6792,0.0,400.0,1.0,0.8555999999999999,0.8334999999999999,0.0,0.5488999999999999,0.7655000000000001,0.6641,0.546,0.5176,-5.0,INDUSTRIAL,CORE
Machine Teeth / HEAVY,3,0,45.0,0.99,0.4441,540.0,0.38259999999999994,0.2901,0.7779,0.0,400.0,1.0,0.98,0.866,0.0,0.86,0.7765000000000001,0.6582,0.36,0.6425,-5.0,INDUSTRIAL,CORE
Underground Unit / HEAVY,3,0,51.131,0.8273999999999999,0.44,538.8976,0.5397,0.5443,0.6907,0.0,400.0,1.0,0.98,0.8151999999999999,0.0,0.6243,0.7793,0.5676,0.7457,0.5311,-5.0,INDUSTRIAL,CORE
Industrial Clean / SUSTAIN,3,0,50.216,0.8795999999999999,0.6588,499.56500000000005,0.46570000000000006,0.6385,0.7152,0.0,400.0,1.0,0.64,0.6629,0.0,0.4656,0.9,0.6754,0.6357,0.6261,-5.0,INDUSTRIAL,CORE
Reactor Core / SUSTAIN,3,0,47.137,0.8806999999999999,0.6915,540.0,0.3733,0.6396,0.8673,0.0,400.0,1.0,0.64,0.52,0.0,0.85,0.7667999999999999,0.7102999999999999,0.6916,0.3696,-5.0,INDUSTRIAL,CORE
Black Foundry / SUSTAIN,3,0,55.092,0.8707999999999999,0.616,540.0,0.33190000000000003,0.6091,0.8679,0.0,400.0,1.0,0.6720999999999999,0.7659,0.0,0.5255,0.6272,0.8721000000000001,0.6475000000000001,0.3,-5.0,INDUSTRIAL,CORE
Steel Chamber / SUSTAIN,3,0,51.003,0.8376,0.7179000000000001,540.0,0.37470000000000003,0.5005000000000001,0.5847,0.0,400.0,1.0,0.7636999999999999,0.8370000000000001,0.0,0.5308,0.8147,0.7479,0.6371,0.4709,-5.0,INDUSTRIAL,CORE
Container Impact / SUSTAIN,3,0,50.15,0.99,0.5803,507.87300000000005,0.5307,0.4143,0.8873,0.0,400.0,1.0,0.64,0.6544000000000001,0.0,0.86,0.553,0.8505,0.7436,0.36110000000000003,-5.0,INDUSTRIAL,CORE
Factory Floor / SUSTAIN,3,0,55.937,0.9349,0.534,503.4245,0.5829,0.4022,0.5562,0.0,400.0,1.0,0.7657999999999999,0.7177,0.0,0.454,0.6122,0.8685,0.6355000000000001,0.6114,-5.0,INDUSTRIAL,CORE
Rust Press / SUSTAIN,3,0,47.388,0.9366,0.44,536.548,0.6867,0.5761000000000001,0.6017,0.0,400.0,1.0,0.8052999999999999,0.7909,0.0,0.7494000000000001,0.7836,0.7095,0.85,0.6414,-5.0,INDUSTRIAL,CORE
Broken Piston / SUSTAIN,3,0,51.486,0.99,0.7874,540.0,0.4107,0.72,0.8892,0.0,400.0,1.0,0.64,0.8035,0.0,0.4889,0.8155,0.9,0.656,0.39759999999999995,-5.0,INDUSTRIAL,CORE
Machine Teeth / SUSTAIN,3,0,50.441,0.99,0.4441,540.0,0.47259999999999996,0.42010000000000003,0.9,0.0,400.0,1.0,0.7712,0.8360000000000001,0.0,0.86,0.8265,0.9,0.4438,0.5225,-5.0,INDUSTRIAL,CORE
Underground Unit / SUSTAIN,3,0,56.931,0.8273999999999999,0.44,540.0,0.6296999999999999,0.6743,0.9,0.0,400.0,1.0,0.7783,0.7852,0.0,0.5643,0.8292999999999999,0.9,0.85,0.4111,-5.0,INDUSTRIAL,CORE
Industrial Clean / MUTANT,3,0,51.716,0.68,0.8188,251.394,0.4857,0.7184999999999999,0.7652,0.0,400.0,1.0,0.64,0.8229,0.0,0.5256,0.9,0.6754,0.7057,0.6661,-5.0,INDUSTRIAL,CORE
Reactor Core / MUTANT,3,0,48.637,0.6807,0.8514999999999999,363.0822,0.3933,0.7196,0.9,0.0,400.0,1.0,0.64,0.6640999999999999,0.0,0.86,0.8368,0.7102999999999999,0.7615999999999999,0.40959999999999996,-5.0,INDUSTRIAL,CORE
Black Foundry / MUTANT,3,0,56.592,0.68,0.7759999999999999,384.267,0.3519,0.6891,0.9,0.0,400.0,1.0,0.6420999999999999,0.9259,0.0,0.5854999999999999,0.6972,0.8721000000000001,0.7175,0.3,-5.0,INDUSTRIAL,CORE
Steel Chamber / MUTANT,3,0,52.503,0.68,0.8779,388.44,0.39470000000000005,0.5805,0.6347,0.0,400.0,1.0,0.7337,0.95,0.0,0.5908,0.8847,0.7479,0.7071,0.5109,-5.0,INDUSTRIAL,CORE
Container Impact / MUTANT,3,0,51.65,0.7935,0.7403,255.57480000000004,0.5507,0.4943,0.9,0.0,400.0,1.0,0.64,0.8144,0.0,0.86,0.623,0.8505,0.8136,0.4011,-5.0,INDUSTRIAL,CORE
Factory Floor / MUTANT,3,0,57.437,0.7349,0.694,253.33620000000002,0.6029,0.4822,0.6062,0.0,400.0,1.0,0.7358,0.8776999999999999,0.0,0.514,0.6822,0.8685,0.7055,0.6514000000000001,-5.0,INDUSTRIAL,CORE
Rust Press / MUTANT,3,0,48.888,0.7366,0.5834999999999999,270.00480000000005,0.7067,0.6561,0.6517000000000001,0.0,400.0,1.0,0.7752999999999999,0.95,0.0,0.8094,0.8536,0.7095,0.85,0.6814,-5.0,INDUSTRIAL,CORE
Broken Piston / MUTANT,3,0,52.986,0.8573,0.92,287.71860000000004,0.43069999999999997,0.72,0.9,0.0,400.0,1.0,0.64,0.95,0.0,0.5488999999999999,0.8855000000000001,0.9,0.726,0.43759999999999993,-5.0,INDUSTRIAL,CORE
Machine Teeth / MUTANT,3,0,51.941,0.8605,0.6041,307.5696,0.4925999999999999,0.5001,0.9,0.0,400.0,1.0,0.7412000000000001,0.95,0.0,0.86,0.8965000000000001,0.9,0.5138,0.5625,-5.0,INDUSTRIAL,CORE
Underground Unit / MUTANT,3,0,58.431,0.68,0.5823999999999999,284.0136,0.6496999999999999,0.72,0.9,0.0,400.0,1.0,0.7483,0.9451999999999999,0.0,0.6243,0.8993,0.9,0.85,0.4511,-5.0,INDUSTRIAL,CORE
Rave Foundation,4,0,51.587,0.6994,0.6864,215.47,0.2835,0.6642,0.8549,0.0,400.0,1.0,0.8612,0.7742,0.0,0.6431,0.3496,0.3907,0.3759,0.4994,-5.0,RAVE,CORE
Saw Pressure,4,0,56.511,0.4927,0.7238,257.07,0.4319,0.9294,0.6909,0.0,400.0,1.0,0.6826,0.852,0.0,0.5791,0.2189,0.1401,0.6525,0.2908,-5.0,RAVE,CORE
Warehouse Rave,4,0,57.189,0.4991,0.8999,202.28,0.6756,0.6317,0.5866,0.0,400.0,1.0,0.8779,0.7491,0.0,0.495,0.3997,0.4698,0.3831,0.3908,-5.0,RAVE,CORE
Red Strobe,4,0,53.5,0.7174,0.884,216.95,0.3196,0.6243,0.5146,0.0,400.0,1.0,0.8102,0.8038,0.0,0.7365,0.2069,0.1569,0.73,0.5823,-5.0,RAVE,CORE
Rave Saw,4,0,55.663,0.5117,0.9427,264.52,0.3416,0.7329,0.5443,0.0,400.0,1.0,0.7787,0.9822,0.0,0.6592,0.5426,0.2356,0.3794,0.6445,-5.0,RAVE,CORE
Overdrive 1999,4,0,56.228,0.6871,0.9119,271.91,0.284,0.7562,0.9319,0.0,400.0,1.0,0.6437,0.7627,0.0,0.6485,0.5925,0.3558,0.5366,0.5657,-5.0,RAVE,CORE
Neon Tunnel,4,0,57.331,0.6438,0.8561,184.63,0.3678,0.9167,0.517,0.0,400.0,1.0,0.8724,0.9962,0.0,0.6107,0.3135,0.4539,0.4998,0.4685,-5.0,RAVE,CORE
Acid Hammer,4,0,57.386,0.5424,0.9528,193.92,0.6547,0.5882,0.6393,0.0,400.0,1.0,0.8845,0.9351,0.0,0.3672,0.5183,0.5429,0.6317,0.677,-5.0,RAVE,CORE
Alarm State,4,0,59.733,0.7595,0.7812,216.47,0.508,0.8382,0.7851,0.0,400.0,1.0,0.6458,0.7322,0.0,0.3579,0.5665,0.2982,0.6624,0.2914,-5.0,RAVE,CORE
Belgian Basement,4,0,59.221,0.7481,0.7383,221.85,0.5461,0.9072,0.8975,0.0,400.0,1.0,0.7414,0.9253,0.0,0.6795,0.5033,0.491,0.3697,0.498,-5.0,RAVE,CORE
Rave Foundation / TIGHT,4,0,53.587,0.6194000000000001,0.8064,150.0,0.3035,0.7042,0.8749,0.0,400.0,1.0,0.7212,0.8742,0.0,0.6831,0.4096,0.3607,0.3759,0.46940000000000004,-5.0,RAVE,CORE
Saw Pressure / TIGHT,4,0,58.511,0.42,0.8438,174.8076,0.4519,0.95,0.7109,0.0,400.0,1.0,0.56,0.952,0.0,0.6191,0.27890000000000004,0.1101,0.6525,0.26080000000000003,-5.0,RAVE,CORE
Warehouse Rave / TIGHT,4,0,59.189,0.42,0.99,150.0,0.68,0.6717000000000001,0.6066,0.0,400.0,1.0,0.7379,0.8491,0.0,0.535,0.4597,0.43979999999999997,0.3831,0.3608,-5.0,RAVE,CORE
Red Strobe / TIGHT,4,0,55.5,0.6374000000000001,0.99,150.0,0.3396,0.6643,0.5346,0.0,400.0,1.0,0.6702,0.9037999999999999,0.0,0.76,0.2669,0.1269,0.73,0.5523,-5.0,RAVE,CORE
Rave Saw / TIGHT,4,0,57.663,0.43170000000000003,0.99,179.8736,0.36160000000000003,0.7729,0.5643,0.0,400.0,1.0,0.6386999999999999,0.99,0.0,0.6992,0.6026,0.2056,0.3794,0.6144999999999999,-5.0,RAVE,CORE
Overdrive 1999 / TIGHT,4,0,58.228,0.6071000000000001,0.99,184.89880000000002,0.304,0.7962,0.95,0.0,400.0,1.0,0.56,0.8627,0.0,0.6885,0.65,0.3258,0.5366,0.5357,-5.0,RAVE,CORE
Neon Tunnel / TIGHT,4,0,59.331,0.5638000000000001,0.9761,150.0,0.38780000000000003,0.95,0.537,0.0,400.0,1.0,0.7323999999999999,0.99,0.0,0.6507000000000001,0.3735,0.42390000000000005,0.4998,0.4385,-5.0,RAVE,CORE
Acid Hammer / TIGHT,4,0,59.386,0.4624,0.99,150.0,0.6747,0.6282,0.6593,0.0,400.0,1.0,0.7444999999999999,0.99,0.0,0.4072,0.5783,0.5129,0.6317,0.647,-5.0,RAVE,CORE
Alarm State / TIGHT,4,0,61.733,0.6795,0.9012,150.0,0.528,0.8782,0.8051,0.0,400.0,1.0,0.56,0.8321999999999999,0.0,0.3979,0.6265000000000001,0.2682,0.6624,0.26139999999999997,-5.0,RAVE,CORE
Belgian Basement / TIGHT,4,0,61.221,0.6681,0.8583,150.858,0.5661,0.9472,0.9175,0.0,400.0,1.0,0.6013999999999999,0.99,0.0,0.7195,0.5632999999999999,0.46099999999999997,0.3697,0.46799999999999997,-5.0,RAVE,CORE
Rave Foundation / HEAVY,4,0,49.5,0.8194,0.62,280.111,0.3035,0.5942000000000001,0.8049,0.0,400.0,1.0,0.9,0.7142,0.0,0.6631,0.37960000000000005,0.3607,0.3759,0.5094,-5.0,RAVE,CORE
Saw Pressure / HEAVY,4,0,53.311,0.6127,0.6438,334.19100000000003,0.4519,0.8593999999999999,0.6408999999999999,0.0,400.0,1.0,0.7726,0.792,0.0,0.5991,0.2489,0.1101,0.6525,0.3008,-5.0,RAVE,CORE
Warehouse Rave / HEAVY,4,0,53.989,0.6191,0.8199000000000001,262.964,0.68,0.5617000000000001,0.5366,0.0,400.0,1.0,0.9,0.6891,0.0,0.515,0.42969999999999997,0.43979999999999997,0.3831,0.4008,-5.0,RAVE,CORE
Red Strobe / HEAVY,4,0,50.3,0.82,0.804,282.03499999999997,0.3396,0.5543,0.46459999999999996,0.0,400.0,1.0,0.9,0.7438,0.0,0.7565000000000001,0.2369,0.1269,0.73,0.5923,-5.0,RAVE,CORE
Rave Saw / HEAVY,4,0,52.462999999999994,0.6317,0.8627,343.876,0.36160000000000003,0.6629,0.4943,0.0,400.0,1.0,0.8686999999999999,0.9221999999999999,0.0,0.6792,0.5726,0.2056,0.3794,0.6545,-5.0,RAVE,CORE
Overdrive 1999 / HEAVY,4,0,53.028,0.8071,0.8319000000000001,350.0,0.304,0.6861999999999999,0.8818999999999999,0.0,400.0,1.0,0.7337,0.7027000000000001,0.0,0.6685,0.6225,0.3258,0.5366,0.5757,-5.0,RAVE,CORE
Neon Tunnel / HEAVY,4,0,54.131,0.7638,0.7761,240.019,0.38780000000000003,0.8467,0.467,0.0,400.0,1.0,0.9,0.9361999999999999,0.0,0.6307,0.3435,0.42390000000000005,0.4998,0.47850000000000004,-5.0,RAVE,CORE
Acid Hammer / HEAVY,4,0,54.186,0.6624,0.8728,252.096,0.6747,0.52,0.5892999999999999,0.0,400.0,1.0,0.9,0.8751,0.0,0.38720000000000004,0.5483,0.5129,0.6317,0.68,-5.0,RAVE,CORE
Alarm State / HEAVY,4,0,56.532999999999994,0.82,0.7012,281.411,0.528,0.7682,0.7351,0.0,400.0,1.0,0.7358,0.68,0.0,0.3779,0.5965,0.2682,0.6624,0.3014,-5.0,RAVE,CORE
Belgian Basement / HEAVY,4,0,56.020999999999994,0.82,0.6583,288.40500000000003,0.5661,0.8371999999999999,0.8474999999999999,0.0,400.0,1.0,0.8313999999999999,0.8653,0.0,0.6995,0.5333,0.46099999999999997,0.3697,0.508,-5.0,RAVE,CORE
Rave Foundation / SUSTAIN,4,0,51.587,0.7694000000000001,0.62,333.9785,0.24349999999999997,0.7642,0.9349,0.0,400.0,1.0,0.7111999999999999,0.7041999999999999,0.0,0.6631,0.42960000000000004,0.5507,0.39590000000000003,0.4394,-5.0,RAVE,CORE
Saw Pressure / SUSTAIN,4,0,56.511,0.5627,0.6537999999999999,350.0,0.3919,0.95,0.7708999999999999,0.0,400.0,1.0,0.56,0.782,0.0,0.5991,0.2989,0.30010000000000003,0.6725,0.2308,-5.0,RAVE,CORE
Warehouse Rave / SUSTAIN,4,0,57.189,0.5690999999999999,0.8299000000000001,313.534,0.6355999999999999,0.7317,0.6666,0.0,400.0,1.0,0.7279,0.68,0.0,0.515,0.4797,0.62,0.4031,0.3308,-5.0,RAVE,CORE
Red Strobe / SUSTAIN,4,0,53.5,0.7874000000000001,0.8140000000000001,336.2725,0.2796,0.7242999999999999,0.5945999999999999,0.0,400.0,1.0,0.6602,0.7338,0.0,0.7565000000000001,0.2869,0.3169,0.74,0.5223,-5.0,RAVE,CORE
Rave Saw / SUSTAIN,4,0,55.663,0.5817000000000001,0.8727,350.0,0.30160000000000003,0.8329,0.6243,0.0,400.0,1.0,0.6286999999999999,0.9121999999999999,0.0,0.6792,0.6225999999999999,0.3956,0.39940000000000003,0.5845,-5.0,RAVE,CORE
Overdrive 1999 / SUSTAIN,4,0,56.228,0.7571000000000001,0.8419000000000001,350.0,0.24399999999999997,0.8562,0.95,0.0,400.0,1.0,0.56,0.6927000000000001,0.0,0.6685,0.65,0.5158,0.5566,0.5057,-5.0,RAVE,CORE
Neon Tunnel / SUSTAIN,4,0,57.331,0.7138,0.7861,286.1765,0.32780000000000004,0.95,0.597,0.0,400.0,1.0,0.7223999999999999,0.9261999999999999,0.0,0.6307,0.3935,0.6139,0.5198,0.40850000000000003,-5.0,RAVE,CORE
Acid Hammer / SUSTAIN,4,0,57.386,0.6124,0.8828,300.57599999999996,0.6146999999999999,0.6881999999999999,0.7192999999999999,0.0,400.0,1.0,0.7344999999999999,0.8651,0.0,0.38720000000000004,0.5982999999999999,0.62,0.6517000000000001,0.617,-5.0,RAVE,CORE
Alarm State / SUSTAIN,4,0,59.733,0.82,0.7112,335.5285,0.468,0.9381999999999999,0.8651,0.0,400.0,1.0,0.56,0.68,0.0,0.3779,0.6465,0.45820000000000005,0.6824,0.2314,-5.0,RAVE,CORE
Belgian Basement / SUSTAIN,4,0,59.221,0.8181,0.6682999999999999,343.8675,0.5061,0.95,0.95,0.0,400.0,1.0,0.5913999999999999,0.8553,0.0,0.6995,0.5832999999999999,0.62,0.3897,0.438,-5.0,RAVE,CORE
Rave Foundation / MUTANT,4,0,54.587,0.6194000000000001,0.7664,193.923,0.3135,0.8442000000000001,0.95,0.0,400.0,1.0,0.6812,0.8542,0.0,0.7431,0.5096,0.5907,0.4659,0.45940000000000003,-5.0,RAVE,CORE
Saw Pressure / MUTANT,4,0,59.511,0.42,0.8038,231.363,0.4619,0.95,0.8709,0.0,400.0,1.0,0.56,0.9319999999999999,0.0,0.6790999999999999,0.3789,0.3401,0.74,0.2508,-5.0,RAVE,CORE
Warehouse Rave / MUTANT,4,0,60.189,0.42,0.9799,182.052,0.68,0.8117000000000001,0.7666,0.0,400.0,1.0,0.6979,0.8291,0.0,0.595,0.5597,0.62,0.47309999999999997,0.3508,-5.0,RAVE,CORE
Red Strobe / MUTANT,4,0,56.5,0.6374000000000001,0.964,195.255,0.3496,0.8043,0.6945999999999999,0.0,400.0,1.0,0.6302000000000001,0.8837999999999999,0.0,0.76,0.3669,0.3569,0.74,0.5423,-5.0,RAVE,CORE
Rave Saw / MUTANT,4,0,58.663,0.43170000000000003,0.99,238.06799999999998,0.37160000000000004,0.9129,0.7242999999999999,0.0,400.0,1.0,0.5987,0.99,0.0,0.7592,0.65,0.4356,0.46940000000000004,0.6044999999999999,-5.0,RAVE,CORE
Overdrive 1999 / MUTANT,4,0,59.228,0.6071000000000001,0.99,244.71900000000002,0.31399999999999995,0.9361999999999999,0.95,0.0,400.0,1.0,0.56,0.8427,0.0,0.7484999999999999,0.65,0.5558000000000001,0.6265999999999999,0.5257,-5.0,RAVE,CORE
Neon Tunnel / MUTANT,4,0,60.331,0.5638000000000001,0.9360999999999999,166.167,0.39780000000000004,0.95,0.6970000000000001,0.0,400.0,1.0,0.6923999999999999,0.99,0.0,0.7107,0.47350000000000003,0.62,0.5898,0.42850000000000005,-5.0,RAVE,CORE
Acid Hammer / MUTANT,4,0,60.386,0.4624,0.99,174.528,0.68,0.7682,0.8192999999999999,0.0,400.0,1.0,0.7044999999999999,0.99,0.0,0.46720000000000006,0.65,0.62,0.7217,0.637,-5.0,RAVE,CORE
Alarm State / MUTANT,4,0,62.0,0.6795,0.8612,194.823,0.538,0.95,0.95,0.0,400.0,1.0,0.56,0.8121999999999999,0.0,0.4579,0.65,0.49820000000000003,0.74,0.2514,-5.0,RAVE,CORE
Belgian Basement / MUTANT,4,0,62.0,0.6681,0.8182999999999999,199.665,0.5761000000000001,0.95,0.95,0.0,400.0,1.0,0.5613999999999999,0.99,0.0,0.76,0.65,0.62,0.4597,0.458,-5.0,RAVE,CORE
